{
    "description": {
        "type": "root",
        "children": [
            {
                "type": "paragraph",
                "children": [
                    {
                        "type": "text",
                        "value": "The ",
                        "position": {
                            "start": {
                                "line": 1,
                                "column": 1,
                                "offset": 0
                            },
                            "end": {
                                "line": 1,
                                "column": 5,
                                "offset": 4
                            },
                            "indent": []
                        }
                    },
                    {
                        "type": "inlineCode",
                        "value": "BoxZoomHandler",
                        "position": {
                            "start": {
                                "line": 1,
                                "column": 5,
                                "offset": 4
                            },
                            "end": {
                                "line": 1,
                                "column": 21,
                                "offset": 20
                            },
                            "indent": []
                        }
                    },
                    {
                        "type": "text",
                        "value": " 让用户能够将地图缩放到适合限位框的大小。 拖动光标时点击并按 shift 即可定义限位框。 ",
                        "position": {
                            "start": {
                                "line": 1,
                                "column": 21,
                                "offset": 20
                            },
                            "end": {
                                "line": 2,
                                "column": 53,
                                "offset": 135
                            },
                            "indent": [
                                1
                            ]
                        }
                    },
                    {
                        "type": "inlineCode",
                        "value": "shift",
                        "position": {
                            "start": {
                                "line": 2,
                                "column": 53,
                                "offset": 135
                            },
                            "end": {
                                "line": 2,
                                "column": 60,
                                "offset": 142
                            },
                            "indent": []
                        }
                    },
                    {
                        "type": "text",
                        "value": " while dragging the cursor.",
                        "position": {
                            "start": {
                                "line": 2,
                                "column": 60,
                                "offset": 142
                            },
                            "end": {
                                "line": 2,
                                "column": 87,
                                "offset": 169
                            },
                            "indent": []
                        }
                    }
                ],
                "position": {
                    "start": {
                        "line": 1,
                        "column": 1,
                        "offset": 0
                    },
                    "end": {
                        "line": 2,
                        "column": 87,
                        "offset": 169
                    },
                    "indent": [
                        1
                    ]
                }
            }
        ],
        "position": {
            "start": {
                "line": 1,
                "column": 1,
                "offset": 0
            },
            "end": {
                "line": 2,
                "column": 87,
                "offset": 169
            }
        }
    },
    "tags": [],
    "loc": {
        "start": {
            "line": 11,
            "column": 0
        },
        "end": {
            "line": 14,
            "column": 3
        }
    },
    "context": {
        "loc": {
            "start": {
                "line": 15,
                "column": 0
            },
            "end": {
                "line": 173,
                "column": 1
            }
        },
        "file": "/Users/mapboxchina/projects/mapbox-gl-js/src/ui/handler/box_zoom.js",
        "github": {
            "url": "https://git@github.com/:mapbox/mapbox-gl-js/blob/43037cd3064d8900cdbf34eaf225053e12da17c1/src/ui/handler/box_zoom.js#L15-L173",
            "path": "src/ui/handler/box_zoom.js"
        }
    },
    "augments": [],
    "examples": [],
    "params": [
        {
            "title": "param",
            "name": "map",
            "lineNumber": 29,
            "type": {
                "type": "NameExpression",
                "name": "Map"
            }
        },
        {
            "title": "param",
            "name": "options",
            "lineNumber": 29,
            "type": {
                "type": "RecordType",
                "fields": [
                    {
                        "type": "FieldType",
                        "key": "clickTolerance",
                        "value": {
                            "type": "OptionalType",
                            "expression": {
                                "type": "NameExpression",
                                "name": "number"
                            }
                        }
                    }
                ]
            }
        }
    ],
    "properties": [],
    "returns": [],
    "sees": [],
    "throws": [],
    "todos": [],
    "constructorComment": {
        "description": "",
        "tags": [
            {
                "title": "private",
                "description": null,
                "lineNumber": 1
            }
        ],
        "loc": {
            "start": {
                "line": 26,
                "column": 4
            },
            "end": {
                "line": 28,
                "column": 7
            }
        },
        "context": {
            "loc": {
                "start": {
                    "line": 29,
                    "column": 4
                },
                "end": {
                    "line": 42,
                    "column": 5
                }
            },
            "file": "/Users/mapboxchina/projects/mapbox-gl-js/src/ui/handler/box_zoom.js",
            "sortKey": "!/Users/mapboxchina/projects/mapbox-gl-js/src/index.js:00000003!/Users/mapboxchina/projects/mapbox-gl-js/src/ui/map.js:00000011!/Users/mapboxchina/projects/mapbox-gl-js/src/ui/bind_handlers.js:00000003!/Users/mapboxchina/projects/mapbox-gl-js/src/ui/handler/box_zoom.js 00000029",
            "code": "{\n    _map: Map;\n    _el: HTMLElement;\n    _container: HTMLElement;\n    _enabled: boolean;\n    _active: boolean;\n    _startPos: Point;\n    _lastPos: Point;\n    _box: HTMLElement;\n    _clickTolerance: number;\n\n    /**\n     * @private\n     */\n    constructor(map: Map, options: {\n        clickTolerance?: number\n    }) {\n        this._map = map;\n        this._el = map.getCanvasContainer();\n        this._container = map.getContainer();\n        this._clickTolerance = options.clickTolerance || 1;\n\n        bindAll([\n            '_onMouseMove',\n            '_onMouseUp',\n            '_onKeyDown'\n        ], this);\n    }\n\n    /**\n     * Returns a Boolean indicating whether the \"box zoom\" interaction is enabled.\n     *\n     * @returns {boolean} `true` if the \"box zoom\" interaction is enabled.\n     */\n    isEnabled() {\n        return !!this._enabled;\n    }\n\n    /**\n     * Returns a Boolean indicating whether the \"box zoom\" interaction is active, i.e. currently being used.\n     *\n     * @returns {boolean} `true` if the \"box zoom\" interaction is active.\n     */\n    isActive() {\n        return !!this._active;\n    }\n\n    /**\n     * Enables the \"box zoom\" interaction.\n     *\n     * @example\n     *   map.boxZoom.enable();\n     */\n    enable() {\n        if (this.isEnabled()) return;\n        this._enabled = true;\n    }\n\n    /**\n     * Disables the \"box zoom\" interaction.\n     *\n     * @example\n     *   map.boxZoom.disable();\n     */\n    disable() {\n        if (!this.isEnabled()) return;\n        this._enabled = false;\n    }\n\n    onMouseDown(e: MouseEvent) {\n        if (!this.isEnabled()) return;\n        if (!(e.shiftKey && e.button === 0)) return;\n\n        window.document.addEventListener('mousemove', this._onMouseMove, false);\n        window.document.addEventListener('keydown', this._onKeyDown, false);\n        window.document.addEventListener('mouseup', this._onMouseUp, false);\n\n        DOM.disableDrag();\n        this._startPos = this._lastPos = DOM.mousePos(this._el, e);\n        this._active = true;\n    }\n\n    _onMouseMove(e: MouseEvent) {\n        const pos = DOM.mousePos(this._el, e);\n\n        if (this._lastPos.equals(pos) || (!this._box && pos.dist(this._startPos) < this._clickTolerance)) {\n            return;\n        }\n\n        const p0 = this._startPos;\n        this._lastPos = pos;\n\n        if (!this._box) {\n            this._box = DOM.create('div', 'mapboxgl-boxzoom', this._container);\n            this._container.classList.add('mapboxgl-crosshair');\n            this._fireEvent('boxzoomstart', e);\n        }\n\n        const minX = Math.min(p0.x, pos.x),\n            maxX = Math.max(p0.x, pos.x),\n            minY = Math.min(p0.y, pos.y),\n            maxY = Math.max(p0.y, pos.y);\n\n        DOM.setTransform(this._box, `translate(${minX}px,${minY}px)`);\n\n        this._box.style.width = `${maxX - minX}px`;\n        this._box.style.height = `${maxY - minY}px`;\n    }\n\n    _onMouseUp(e: MouseEvent) {\n        if (e.button !== 0) return;\n\n        const p0 = this._startPos,\n            p1 = DOM.mousePos(this._el, e);\n\n        this._finish();\n\n        DOM.suppressClick();\n\n        if (p0.x === p1.x && p0.y === p1.y) {\n            this._fireEvent('boxzoomcancel', e);\n        } else {\n            this._map\n                .fitScreenCoordinates(p0, p1, this._map.getBearing(), {linear: true})\n                .fire(new Event('boxzoomend', { originalEvent: e}));\n        }\n    }\n\n    _onKeyDown(e: KeyboardEvent) {\n        if (e.keyCode === 27) {\n            this._finish();\n            this._fireEvent('boxzoomcancel', e);\n        }\n    }\n\n    _finish() {\n        this._active = false;\n\n        window.document.removeEventListener('mousemove', this._onMouseMove, false);\n        window.document.removeEventListener('keydown', this._onKeyDown, false);\n        window.document.removeEventListener('mouseup', this._onMouseUp, false);\n\n        this._container.classList.remove('mapboxgl-crosshair');\n\n        if (this._box) {\n            DOM.remove(this._box);\n            this._box = (null: any);\n        }\n\n        DOM.enableDrag();\n\n        delete this._startPos;\n        delete this._lastPos;\n    }\n\n    _fireEvent(type: string, e: *) {\n        return this._map.fire(new Event(type, { originalEvent: e }));\n    }\n}"
        },
        "augments": [],
        "errors": [],
        "examples": [],
        "params": [],
        "properties": [],
        "returns": [],
        "sees": [],
        "throws": [],
        "todos": [],
        "access": "private"
    },
    "name": "BoxZoomHandler",
    "kind": "class",
    "path": [
        {
            "name": "BoxZoomHandler",
            "kind": "class"
        }
    ],
    "members": {
        "global": [],
        "inner": [],
        "instance": [
            {
                "description": {
                    "type": "root",
                    "children": [
                        {
                            "type": "paragraph",
                            "children": [
                                {
                                    "type": "text",
                                    "value": "返回一个指示“缩放框”交互是否激活的布尔值。",
                                    "position": {
                                        "start": {
                                            "line": 1,
                                            "column": 1,
                                            "offset": 0
                                        },
                                        "end": {
                                            "line": 1,
                                            "column": 76,
                                            "offset": 75
                                        },
                                        "indent": []
                                    }
                                }
                            ],
                            "position": {
                                "start": {
                                    "line": 1,
                                    "column": 1,
                                    "offset": 0
                                },
                                "end": {
                                    "line": 1,
                                    "column": 76,
                                    "offset": 75
                                },
                                "indent": []
                            }
                        }
                    ],
                    "position": {
                        "start": {
                            "line": 1,
                            "column": 1,
                            "offset": 0
                        },
                        "end": {
                            "line": 1,
                            "column": 76,
                            "offset": 75
                        }
                    }
                },
                "tags": [
                    {
                        "title": "returns",
                        "description": "如果“缩放框”已启用，显示为 true 。",
                        "lineNumber": 3,
                        "type": {
                            "type": "NameExpression",
                            "name": "boolean"
                        }
                    }
                ],
                "loc": {
                    "start": {
                        "line": 44,
                        "column": 4
                    },
                    "end": {
                        "line": 48,
                        "column": 7
                    }
                },
                "context": {
                    "loc": {
                        "start": {
                            "line": 49,
                            "column": 4
                        },
                        "end": {
                            "line": 51,
                            "column": 5
                        }
                    },
                    "file": "/Users/mapboxchina/projects/mapbox-gl-js/src/ui/handler/box_zoom.js",
                    "github": {
                        "url": "https://git@github.com/:mapbox/mapbox-gl-js/blob/43037cd3064d8900cdbf34eaf225053e12da17c1/src/ui/handler/box_zoom.js#L49-L51",
                        "path": "src/ui/handler/box_zoom.js"
                    }
                },
                "augments": [],
                "examples": [],
                "params": [],
                "properties": [],
                "returns": [
                    {
                        "description": {
                            "type": "root",
                            "children": [
                                {
                                    "type": "paragraph",
                                    "children": [
                                        {
                                            "type": "inlineCode",
                                            "value": "true",
                                            "position": {
                                                "start": {
                                                    "line": 1,
                                                    "column": 1,
                                                    "offset": 0
                                                },
                                                "end": {
                                                    "line": 1,
                                                    "column": 7,
                                                    "offset": 6
                                                },
                                                "indent": []
                                            }
                                        },
                                        {
                                            "type": "text",
                                            "value": " “缩放框”已启用",
                                            "position": {
                                                "start": {
                                                    "line": 1,
                                                    "column": 7,
                                                    "offset": 6
                                                },
                                                "end": {
                                                    "line": 1,
                                                    "column": 49,
                                                    "offset": 48
                                                },
                                                "indent": []
                                            }
                                        }
                                    ],
                                    "position": {
                                        "start": {
                                            "line": 1,
                                            "column": 1,
                                            "offset": 0
                                        },
                                        "end": {
                                            "line": 1,
                                            "column": 49,
                                            "offset": 48
                                        },
                                        "indent": []
                                    }
                                }
                            ],
                            "position": {
                                "start": {
                                    "line": 1,
                                    "column": 1,
                                    "offset": 0
                                },
                                "end": {
                                    "line": 1,
                                    "column": 49,
                                    "offset": 48
                                }
                            }
                        },
                        "title": "returns",
                        "type": {
                            "type": "NameExpression",
                            "name": "boolean"
                        }
                    }
                ],
                "sees": [],
                "throws": [],
                "todos": [],
                "name": "isEnabled",
                "kind": "function",
                "memberof": "BoxZoomHandler",
                "scope": "instance",
                "members": {
                    "global": [],
                    "inner": [],
                    "instance": [],
                    "events": [],
                    "static": []
                },
                "path": [
                    {
                        "name": "BoxZoomHandler",
                        "kind": "class"
                    },
                    {
                        "name": "isEnabled",
                        "kind": "function",
                        "scope": "instance"
                    }
                ],
                "namespace": "BoxZoomHandler#isEnabled"
            },
            {
                "description": {
                    "type": "root",
                    "children": [
                        {
                            "type": "paragraph",
                            "children": [
                                {
                                    "type": "text",
                                    "value": "返回一个显示“缩放框”交互是否正在运行（也就是说用户是否正在使用）的布尔值。",
                                    "position": {
                                        "start": {
                                            "line": 1,
                                            "column": 1,
                                            "offset": 0
                                        },
                                        "end": {
                                            "line": 1,
                                            "column": 102,
                                            "offset": 101
                                        },
                                        "indent": []
                                    }
                                }
                            ],
                            "position": {
                                "start": {
                                    "line": 1,
                                    "column": 1,
                                    "offset": 0
                                },
                                "end": {
                                    "line": 1,
                                    "column": 102,
                                    "offset": 101
                                },
                                "indent": []
                            }
                        }
                    ],
                    "position": {
                        "start": {
                            "line": 1,
                            "column": 1,
                            "offset": 0
                        },
                        "end": {
                            "line": 1,
                            "column": 102,
                            "offset": 101
                        }
                    }
                },
                "tags": [
                    {
                        "title": "returns",
                        "description": " 如果“缩放框”正在使用，为 true 。",
                        "lineNumber": 3,
                        "type": {
                            "type": "NameExpression",
                            "name": "boolean"
                        }
                    }
                ],
                "loc": {
                    "start": {
                        "line": 53,
                        "column": 4
                    },
                    "end": {
                        "line": 57,
                        "column": 7
                    }
                },
                "context": {
                    "loc": {
                        "start": {
                            "line": 58,
                            "column": 4
                        },
                        "end": {
                            "line": 60,
                            "column": 5
                        }
                    },
                    "file": "/Users/mapboxchina/projects/mapbox-gl-js/src/ui/handler/box_zoom.js",
                    "github": {
                        "url": "https://git@github.com/:mapbox/mapbox-gl-js/blob/43037cd3064d8900cdbf34eaf225053e12da17c1/src/ui/handler/box_zoom.js#L58-L60",
                        "path": "src/ui/handler/box_zoom.js"
                    }
                },
                "augments": [],
                "examples": [],
                "params": [],
                "properties": [],
                "returns": [
                    {
                        "description": {
                            "type": "root",
                            "children": [
                                {
                                    "type": "paragraph",
                                    "children": [
                                        {
                                            "type": "inlineCode",
                                            "value": "true",
                                            "position": {
                                                "start": {
                                                    "line": 1,
                                                    "column": 1,
                                                    "offset": 0
                                                },
                                                "end": {
                                                    "line": 1,
                                                    "column": 7,
                                                    "offset": 6
                                                },
                                                "indent": []
                                            }
                                        },
                                        {
                                            "type": "text",
                                            "value": " “缩放框”正在使用。",
                                            "position": {
                                                "start": {
                                                    "line": 1,
                                                    "column": 7,
                                                    "offset": 6
                                                },
                                                "end": {
                                                    "line": 1,
                                                    "column": 48,
                                                    "offset": 47
                                                },
                                                "indent": []
                                            }
                                        }
                                    ],
                                    "position": {
                                        "start": {
                                            "line": 1,
                                            "column": 1,
                                            "offset": 0
                                        },
                                        "end": {
                                            "line": 1,
                                            "column": 48,
                                            "offset": 47
                                        },
                                        "indent": []
                                    }
                                }
                            ],
                            "position": {
                                "start": {
                                    "line": 1,
                                    "column": 1,
                                    "offset": 0
                                },
                                "end": {
                                    "line": 1,
                                    "column": 48,
                                    "offset": 47
                                }
                            }
                        },
                        "title": "returns",
                        "type": {
                            "type": "NameExpression",
                            "name": "boolean"
                        }
                    }
                ],
                "sees": [],
                "throws": [],
                "todos": [],
                "name": "isActive",
                "kind": "function",
                "memberof": "BoxZoomHandler",
                "scope": "instance",
                "members": {
                    "global": [],
                    "inner": [],
                    "instance": [],
                    "events": [],
                    "static": []
                },
                "path": [
                    {
                        "name": "BoxZoomHandler",
                        "kind": "class"
                    },
                    {
                        "name": "isActive",
                        "kind": "function",
                        "scope": "instance"
                    }
                ],
                "namespace": "BoxZoomHandler#isActive"
            },
            {
                "description": {
                    "type": "root",
                    "children": [
                        {
                            "type": "paragraph",
                            "children": [
                                {
                                    "type": "text",
                                    "value": "激活“缩放框”交互功能。",
                                    "position": {
                                        "start": {
                                            "line": 1,
                                            "column": 1,
                                            "offset": 0
                                        },
                                        "end": {
                                            "line": 1,
                                            "column": 36,
                                            "offset": 35
                                        },
                                        "indent": []
                                    }
                                }
                            ],
                            "position": {
                                "start": {
                                    "line": 1,
                                    "column": 1,
                                    "offset": 0
                                },
                                "end": {
                                    "line": 1,
                                    "column": 36,
                                    "offset": 35
                                },
                                "indent": []
                            }
                        }
                    ],
                    "position": {
                        "start": {
                            "line": 1,
                            "column": 1,
                            "offset": 0
                        },
                        "end": {
                            "line": 1,
                            "column": 36,
                            "offset": 35
                        }
                    }
                },
                "tags": [
                    {
                        "title": "example",
                        "description": "map.boxZoom.enable();",
                        "lineNumber": 3
                    }
                ],
                "loc": {
                    "start": {
                        "line": 62,
                        "column": 4
                    },
                    "end": {
                        "line": 67,
                        "column": 7
                    }
                },
                "context": {
                    "loc": {
                        "start": {
                            "line": 68,
                            "column": 4
                        },
                        "end": {
                            "line": 71,
                            "column": 5
                        }
                    },
                    "file": "/Users/mapboxchina/projects/mapbox-gl-js/src/ui/handler/box_zoom.js",
                    "github": {
                        "url": "https://git@github.com/:mapbox/mapbox-gl-js/blob/43037cd3064d8900cdbf34eaf225053e12da17c1/src/ui/handler/box_zoom.js#L68-L71",
                        "path": "src/ui/handler/box_zoom.js"
                    }
                },
                "augments": [],
                "examples": [
                    {
                        "description": "map.boxZoom.enable();"
                    }
                ],
                "params": [],
                "properties": [],
                "returns": [],
                "sees": [],
                "throws": [],
                "todos": [],
                "name": "enable",
                "kind": "function",
                "memberof": "BoxZoomHandler",
                "scope": "instance",
                "members": {
                    "global": [],
                    "inner": [],
                    "instance": [],
                    "events": [],
                    "static": []
                },
                "path": [
                    {
                        "name": "BoxZoomHandler",
                        "kind": "class"
                    },
                    {
                        "name": "enable",
                        "kind": "function",
                        "scope": "instance"
                    }
                ],
                "namespace": "BoxZoomHandler#enable"
            },
            {
                "description": {
                    "type": "root",
                    "children": [
                        {
                            "type": "paragraph",
                            "children": [
                                {
                                    "type": "text",
                                    "value": "禁用“缩放框”交互功能。",
                                    "position": {
                                        "start": {
                                            "line": 1,
                                            "column": 1,
                                            "offset": 0
                                        },
                                        "end": {
                                            "line": 1,
                                            "column": 37,
                                            "offset": 36
                                        },
                                        "indent": []
                                    }
                                }
                            ],
                            "position": {
                                "start": {
                                    "line": 1,
                                    "column": 1,
                                    "offset": 0
                                },
                                "end": {
                                    "line": 1,
                                    "column": 37,
                                    "offset": 36
                                },
                                "indent": []
                            }
                        }
                    ],
                    "position": {
                        "start": {
                            "line": 1,
                            "column": 1,
                            "offset": 0
                        },
                        "end": {
                            "line": 1,
                            "column": 37,
                            "offset": 36
                        }
                    }
                },
                "tags": [
                    {
                        "title": "example",
                        "description": "map.boxZoom.disable();",
                        "lineNumber": 3
                    }
                ],
                "loc": {
                    "start": {
                        "line": 73,
                        "column": 4
                    },
                    "end": {
                        "line": 78,
                        "column": 7
                    }
                },
                "context": {
                    "loc": {
                        "start": {
                            "line": 79,
                            "column": 4
                        },
                        "end": {
                            "line": 82,
                            "column": 5
                        }
                    },
                    "file": "/Users/mapboxchina/projects/mapbox-gl-js/src/ui/handler/box_zoom.js",
                    "github": {
                        "url": "https://git@github.com/:mapbox/mapbox-gl-js/blob/43037cd3064d8900cdbf34eaf225053e12da17c1/src/ui/handler/box_zoom.js#L79-L82",
                        "path": "src/ui/handler/box_zoom.js"
                    }
                },
                "augments": [],
                "examples": [
                    {
                        "description": "map.boxZoom.disable();"
                    }
                ],
                "params": [],
                "properties": [],
                "returns": [],
                "sees": [],
                "throws": [],
                "todos": [],
                "name": "disable",
                "kind": "function",
                "memberof": "BoxZoomHandler",
                "scope": "instance",
                "members": {
                    "global": [],
                    "inner": [],
                    "instance": [],
                    "events": [],
                    "static": []
                },
                "path": [
                    {
                        "name": "BoxZoomHandler",
                        "kind": "class"
                    },
                    {
                        "name": "disable",
                        "kind": "function",
                        "scope": "instance"
                    }
                ],
                "namespace": "BoxZoomHandler#disable"
            }
        ],
        "events": [],
        "static": []
    },
    "namespace": "BoxZoomHandler"
}