{
    "description": {
        "type": "root",
        "children": [
            {
                "type": "paragraph",
                "children": [
                    {
                        "type": "text",
                        "value": "一个 ",
                        "position": {
                            "start": {
                                "line": 1,
                                "column": 1,
                                "offset": 0
                            },
                            "end": {
                                "line": 1,
                                "column": 4,
                                "offset": 3
                            },
                            "indent": []
                        }
                    },
                    {
                        "type": "inlineCode",
                        "value": "AttributionControl",
                        "position": {
                            "start": {
                                "line": 1,
                                "column": 4,
                                "offset": 3
                            },
                            "end": {
                                "line": 1,
                                "column": 24,
                                "offset": 23
                            },
                            "indent": []
                        }
                    },
                    {
                        "type": "text",
                        "value": " 控制展示地图的",
                        "position": {
                            "start": {
                                "line": 1,
                                "column": 24,
                                "offset": 23
                            },
                            "end": {
                                "line": 1,
                                "column": 52,
                                "offset": 51
                            },
                            "indent": []
                        }
                    },
                    {
                        "type": "link",
                        "title": null,
                        "url": "https://www.mapbox.com/help/attribution/",
                        "children": [
                            {
                                "type": "text",
                                "value": "属性信息",
                                "position": {
                                    "start": {
                                        "line": 1,
                                        "column": 53,
                                        "offset": 52
                                    },
                                    "end": {
                                        "line": 1,
                                        "column": 76,
                                        "offset": 75
                                    },
                                    "indent": []
                                }
                            }
                        ],
                        "position": {
                            "start": {
                                "line": 1,
                                "column": 52,
                                "offset": 51
                            },
                            "end": {
                                "line": 1,
                                "column": 119,
                                "offset": 118
                            },
                            "indent": []
                        }
                    },
                    {
                        "type": "text",
                        "value": "。",
                        "position": {
                            "start": {
                                "line": 1,
                                "column": 119,
                                "offset": 118
                            },
                            "end": {
                                "line": 1,
                                "column": 120,
                                "offset": 119
                            },
                            "indent": []
                        }
                    }
                ],
                "position": {
                    "start": {
                        "line": 1,
                        "column": 1,
                        "offset": 0
                    },
                    "end": {
                        "line": 1,
                        "column": 120,
                        "offset": 119
                    },
                    "indent": []
                }
            }
        ],
        "position": {
            "start": {
                "line": 1,
                "column": 1,
                "offset": 0
            },
            "end": {
                "line": 1,
                "column": 120,
                "offset": 119
            }
        }
    },
    "tags": [
        {
            "title": "implements",
            "description": null,
            "lineNumber": 3,
            "type": {
                "type": "NameExpression",
                "name": "IControl"
            }
        },
        {
            "title": "param",
            "description": null,
            "lineNumber": 4,
            "type": {
                "type": "OptionalType",
                "expression": {
                    "type": "NameExpression",
                    "name": "Object"
                }
            },
            "name": "options"
        },
        {
            "title": "param",
            "description": "如果为 true ，鼠标悬停时将强制显示一个简洁版的属性信息，如果设为 false ，将强制显示完整属性控件。默认为一个响应式属性控件，当地图宽度低于640像素的时候该控件会折叠起来。",
            "lineNumber": 5,
            "type": {
                "type": "OptionalType",
                "expression": {
                    "type": "NameExpression",
                    "name": "boolean"
                }
            },
            "name": "options.compact"
        },
        {
            "title": "param",
            "description": " 用来表达额外的属性字符串",
            "lineNumber": 6,
            "type": {
                "type": "OptionalType",
                "expression": {
                    "type": "UnionType",
                    "elements": [
                        {
                            "type": "NameExpression",
                            "name": "string"
                        },
                        {
                            "type": "TypeApplication",
                            "expression": {
                                "type": "NameExpression",
                                "name": "Array"
                            },
                            "applications": [
                                {
                                    "type": "NameExpression",
                                    "name": "string"
                                }
                            ]
                        }
                    ]
                }
            },
            "name": "options.customAttribution"
        },
        {
            "title": "example",
            "description": "var map = new mapboxgl.Map({attributionControl: false})\n    .addControl(new mapboxgl.AttributionControl({\n        compact: true\n    }));",
            "lineNumber": 7
        }
    ],
    "loc": {
        "start": {
            "line": 14,
            "column": 0
        },
        "end": {
            "line": 26,
            "column": 3
        }
    },
    "context": {
        "loc": {
            "start": {
                "line": 27,
                "column": 0
            },
            "end": {
                "line": 186,
                "column": 1
            }
        },
        "file": "/Users/mapboxchina/projects/mapbox-gl-js/src/ui/control/attribution_control.js",
        "github": {
            "url": "https://git@github.com/:mapbox/mapbox-gl-js/blob/43037cd3064d8900cdbf34eaf225053e12da17c1/src/ui/control/attribution_control.js#L27-L186",
            "path": "src/ui/control/attribution_control.js"
        }
    },
    "augments": [],
    "examples": [
        {
            "description": "var map = new mapboxgl.Map({attributionControl: false})\n    .addControl(new mapboxgl.AttributionControl({\n        compact: true\n    }));"
        }
    ],
    "params": [
        {
            "title": "param",
            "name": "options",
            "lineNumber": 4,
            "type": {
                "type": "OptionalType",
                "expression": {
                    "type": "NameExpression",
                    "name": "Object"
                }
            },
            "properties": [
                {
                    "title": "param",
                    "name": "options.compact",
                    "lineNumber": 5,
                    "description": {
                        "type": "root",
                        "children": [
                            {
                                "type": "paragraph",
                                "children": [
                                    {
                                        "type": "text",
                                        "value": "如果 ",
                                        "position": {
                                            "start": {
                                                "line": 1,
                                                "column": 1,
                                                "offset": 0
                                            },
                                            "end": {
                                                "line": 1,
                                                "column": 4,
                                                "offset": 3
                                            },
                                            "indent": []
                                        }
                                    },
                                    {
                                        "type": "inlineCode",
                                        "value": "true",
                                        "position": {
                                            "start": {
                                                "line": 1,
                                                "column": 4,
                                                "offset": 3
                                            },
                                            "end": {
                                                "line": 1,
                                                "column": 10,
                                                "offset": 9
                                            },
                                            "indent": []
                                        }
                                    },
                                    {
                                        "type": "text",
                                        "value": " 鼠标悬停时将强制显示一个简洁版的属性信息",
                                        "position": {
                                            "start": {
                                                "line": 1,
                                                "column": 10,
                                                "offset": 9
                                            },
                                            "end": {
                                                "line": 1,
                                                "column": 93,
                                                "offset": 92
                                            },
                                            "indent": []
                                        }
                                    },
                                    {
                                        "type": "inlineCode",
                                        "value": "false",
                                        "position": {
                                            "start": {
                                                "line": 1,
                                                "column": 93,
                                                "offset": 92
                                            },
                                            "end": {
                                                "line": 1,
                                                "column": 100,
                                                "offset": 99
                                            },
                                            "indent": []
                                        }
                                    },
                                    {
                                        "type": "text",
                                        "value": " 强制显示完整属性控件。默认为一个响应属性控件，当地图宽度低于640像素的时候该控件会折叠起来。",
                                        "position": {
                                            "start": {
                                                "line": 1,
                                                "column": 100,
                                                "offset": 99
                                            },
                                            "end": {
                                                "line": 1,
                                                "column": 234,
                                                "offset": 233
                                            },
                                            "indent": []
                                        }
                                    }
                                ],
                                "position": {
                                    "start": {
                                        "line": 1,
                                        "column": 1,
                                        "offset": 0
                                    },
                                    "end": {
                                        "line": 1,
                                        "column": 234,
                                        "offset": 233
                                    },
                                    "indent": []
                                }
                            }
                        ],
                        "position": {
                            "start": {
                                "line": 1,
                                "column": 1,
                                "offset": 0
                            },
                            "end": {
                                "line": 1,
                                "column": 234,
                                "offset": 233
                            }
                        }
                    },
                    "type": {
                        "type": "OptionalType",
                        "expression": {
                            "type": "NameExpression",
                            "name": "boolean"
                        }
                    }
                },
                {
                    "title": "param",
                    "name": "options.customAttribution",
                    "lineNumber": 6,
                    "description": {
                        "type": "root",
                        "children": [
                            {
                                "type": "paragraph",
                                "children": [
                                    {
                                        "type": "text",
                                        "value": "用来表达额外的属性字符串。",
                                        "position": {
                                            "start": {
                                                "line": 1,
                                                "column": 1,
                                                "offset": 0
                                            },
                                            "end": {
                                                "line": 1,
                                                "column": 65,
                                                "offset": 64
                                            },
                                            "indent": []
                                        }
                                    }
                                ],
                                "position": {
                                    "start": {
                                        "line": 1,
                                        "column": 1,
                                        "offset": 0
                                    },
                                    "end": {
                                        "line": 1,
                                        "column": 65,
                                        "offset": 64
                                    },
                                    "indent": []
                                }
                            }
                        ],
                        "position": {
                            "start": {
                                "line": 1,
                                "column": 1,
                                "offset": 0
                            },
                            "end": {
                                "line": 1,
                                "column": 65,
                                "offset": 64
                            }
                        }
                    },
                    "type": {
                        "type": "OptionalType",
                        "expression": {
                            "type": "UnionType",
                            "elements": [
                                {
                                    "type": "NameExpression",
                                    "name": "string"
                                },
                                {
                                    "type": "TypeApplication",
                                    "expression": {
                                        "type": "NameExpression",
                                        "name": "Array"
                                    },
                                    "applications": [
                                        {
                                            "type": "NameExpression",
                                            "name": "string"
                                        }
                                    ]
                                }
                            ]
                        }
                    }
                }
            ],
            "default": "{}"
        }
    ],
    "properties": [],
    "returns": [],
    "sees": [],
    "throws": [],
    "todos": [],
    "name": "AttributionControl",
    "kind": "class",
    "path": [
        {
            "name": "AttributionControl",
            "kind": "class"
        }
    ],
    "members": {
        "global": [],
        "inner": [],
        "instance": [],
        "events": [],
        "static": []
    },
    "namespace": "AttributionControl"
}