{
    "description": {
        "type": "root",
        "children": [
            {
                "type": "paragraph",
                "children": [
                    {
                        "type": "text",
                        "value": "根据事件功能被混合到其他类的方法。",
                        "position": {
                            "start": {
                                "line": 1,
                                "column": 1,
                                "offset": 0
                            },
                            "end": {
                                "line": 1,
                                "column": 58,
                                "offset": 57
                            },
                            "indent": []
                        }
                    }
                ],
                "position": {
                    "start": {
                        "line": 1,
                        "column": 1,
                        "offset": 0
                    },
                    "end": {
                        "line": 1,
                        "column": 58,
                        "offset": 57
                    },
                    "indent": []
                }
            }
        ],
        "position": {
            "start": {
                "line": 1,
                "column": 1,
                "offset": 0
            },
            "end": {
                "line": 1,
                "column": 58,
                "offset": 57
            }
        }
    },
    "tags": [
        {
            "title": "mixin",
            "description": null,
            "lineNumber": 3,
            "name": "Evented"
        }
    ],
    "loc": {
        "start": {
            "line": 42,
            "column": 0
        },
        "end": {
            "line": 46,
            "column": 3
        }
    },
    "context": {
        "loc": {
            "start": {
                "line": 47,
                "column": 0
            },
            "end": {
                "line": 170,
                "column": 1
            }
        },
        "file": "/Users/mapboxchina/projects/mapbox-gl-js/src/util/evented.js",
        "github": {
            "url": "https://git@github.com/:mapbox/mapbox-gl-js/blob/43037cd3064d8900cdbf34eaf225053e12da17c1/src/util/evented.js#L47-L170",
            "path": "src/util/evented.js"
        }
    },
    "augments": [],
    "examples": [],
    "params": [],
    "properties": [],
    "returns": [],
    "sees": [],
    "throws": [],
    "todos": [],
    "kind": "mixin",
    "name": "Evented",
    "path": [
        {
            "name": "Evented",
            "kind": "mixin"
        }
    ],
    "members": {
        "global": [],
        "inner": [],
        "instance": [
            {
                "description": {
                    "type": "root",
                    "children": [
                        {
                            "type": "paragraph",
                            "children": [
                                {
                                    "type": "text",
                                    "value": "为特定类型的事件添加监听器。",
                                    "position": {
                                        "start": {
                                            "line": 1,
                                            "column": 1,
                                            "offset": 0
                                        },
                                        "end": {
                                            "line": 1,
                                            "column": 43,
                                            "offset": 42
                                        },
                                        "indent": []
                                    }
                                }
                            ],
                            "position": {
                                "start": {
                                    "line": 1,
                                    "column": 1,
                                    "offset": 0
                                },
                                "end": {
                                    "line": 1,
                                    "column": 43,
                                    "offset": 42
                                },
                                "indent": []
                            }
                        }
                    ],
                    "position": {
                        "start": {
                            "line": 1,
                            "column": 1,
                            "offset": 0
                        },
                        "end": {
                            "line": 1,
                            "column": 43,
                            "offset": 42
                        }
                    }
                },
                "tags": [
                    {
                        "title": "param",
                        "description": "The event type to add a listen for.",
                        "lineNumber": 3,
                        "type": {
                            "type": "NameExpression",
                            "name": "string"
                        },
                        "name": "type"
                    },
                    {
                        "title": "param",
                        "description": "The function to be called when the event is fired.\n  The listener function is called with the data object passed to `fire`,\n  extended with `target` and `type` properties.",
                        "lineNumber": 4,
                        "type": {
                            "type": "NameExpression",
                            "name": "Function"
                        },
                        "name": "listener"
                    },
                    {
                        "title": "returns",
                        "description": "`this`",
                        "lineNumber": 7,
                        "type": {
                            "type": "NameExpression",
                            "name": "Object"
                        }
                    }
                ],
                "loc": {
                    "start": {
                        "line": 53,
                        "column": 4
                    },
                    "end": {
                        "line": 61,
                        "column": 7
                    }
                },
                "context": {
                    "loc": {
                        "start": {
                            "line": 62,
                            "column": 4
                        },
                        "end": {
                            "line": 67,
                            "column": 5
                        }
                    },
                    "file": "/Users/mapboxchina/projects/mapbox-gl-js/src/util/evented.js",
                    "github": {
                        "url": "https://git@github.com/:mapbox/mapbox-gl-js/blob/43037cd3064d8900cdbf34eaf225053e12da17c1/src/util/evented.js#L62-L67",
                        "path": "src/util/evented.js"
                    }
                },
                "augments": [],
                "examples": [],
                "params": [
                    {
                        "title": "param",
                        "name": "type",
                        "lineNumber": 3,
                        "description": {
                            "type": "root",
                            "children": [
                                {
                                    "type": "paragraph",
                                    "children": [
                                        {
                                            "type": "text",
                                            "value": "待监听事件的类型。",
                                            "position": {
                                                "start": {
                                                    "line": 1,
                                                    "column": 1,
                                                    "offset": 0
                                                },
                                                "end": {
                                                    "line": 1,
                                                    "column": 36,
                                                    "offset": 35
                                                },
                                                "indent": []
                                            }
                                        }
                                    ],
                                    "position": {
                                        "start": {
                                            "line": 1,
                                            "column": 1,
                                            "offset": 0
                                        },
                                        "end": {
                                            "line": 1,
                                            "column": 36,
                                            "offset": 35
                                        },
                                        "indent": []
                                    }
                                }
                            ],
                            "position": {
                                "start": {
                                    "line": 1,
                                    "column": 1,
                                    "offset": 0
                                },
                                "end": {
                                    "line": 1,
                                    "column": 36,
                                    "offset": 35
                                }
                            }
                        },
                        "type": {
                            "type": "NameExpression",
                            "name": "string"
                        }
                    },
                    {
                        "title": "param",
                        "name": "listener",
                        "lineNumber": 4,
                        "description": {
                            "type": "root",
                            "children": [
                                {
                                    "type": "paragraph",
                                    "children": [
                                        {
                                            "type": "text",
                                            "value": "当此事件触发时的回调函数。\n 数据对象会在回调函数调用时传递进来。",
                                            "position": {
                                                "start": {
                                                    "line": 1,
                                                    "column": 1,
                                                    "offset": 0
                                                },
                                                "end": {
                                                    "line": 2,
                                                    "column": 66,
                                                    "offset": 116
                                                },
                                                "indent": [
                                                    1
                                                ]
                                            }
                                        },
                                        {
                                            "type": "inlineCode",
                                            "value": "fire",
                                            "position": {
                                                "start": {
                                                    "line": 2,
                                                    "column": 66,
                                                    "offset": 116
                                                },
                                                "end": {
                                                    "line": 2,
                                                    "column": 72,
                                                    "offset": 122
                                                },
                                                "indent": []
                                            }
                                        },
                                        {
                                            "type": "text",
                                            "value": ",\n  扩展 ",
                                            "position": {
                                                "start": {
                                                    "line": 2,
                                                    "column": 72,
                                                    "offset": 122
                                                },
                                                "end": {
                                                    "line": 3,
                                                    "column": 17,
                                                    "offset": 140
                                                },
                                                "indent": [
                                                    1
                                                ]
                                            }
                                        },
                                        {
                                            "type": "inlineCode",
                                            "value": "target",
                                            "position": {
                                                "start": {
                                                    "line": 3,
                                                    "column": 17,
                                                    "offset": 140
                                                },
                                                "end": {
                                                    "line": 3,
                                                    "column": 25,
                                                    "offset": 148
                                                },
                                                "indent": []
                                            }
                                        },
                                        {
                                            "type": "text",
                                            "value": " 和 ",
                                            "position": {
                                                "start": {
                                                    "line": 3,
                                                    "column": 25,
                                                    "offset": 148
                                                },
                                                "end": {
                                                    "line": 3,
                                                    "column": 30,
                                                    "offset": 153
                                                },
                                                "indent": []
                                            }
                                        },
                                        {
                                            "type": "inlineCode",
                                            "value": "type",
                                            "position": {
                                                "start": {
                                                    "line": 3,
                                                    "column": 30,
                                                    "offset": 153
                                                },
                                                "end": {
                                                    "line": 3,
                                                    "column": 36,
                                                    "offset": 159
                                                },
                                                "indent": []
                                            }
                                        },
                                        {
                                            "type": "text",
                                            "value": " 属性。",
                                            "position": {
                                                "start": {
                                                    "line": 3,
                                                    "column": 36,
                                                    "offset": 159
                                                },
                                                "end": {
                                                    "line": 3,
                                                    "column": 48,
                                                    "offset": 171
                                                },
                                                "indent": []
                                            }
                                        }
                                    ],
                                    "position": {
                                        "start": {
                                            "line": 1,
                                            "column": 1,
                                            "offset": 0
                                        },
                                        "end": {
                                            "line": 3,
                                            "column": 48,
                                            "offset": 171
                                        },
                                        "indent": [
                                            1,
                                            1
                                        ]
                                    }
                                }
                            ],
                            "position": {
                                "start": {
                                    "line": 1,
                                    "column": 1,
                                    "offset": 0
                                },
                                "end": {
                                    "line": 3,
                                    "column": 48,
                                    "offset": 171
                                }
                            }
                        },
                        "type": {
                            "type": "NameExpression",
                            "name": "Function"
                        }
                    }
                ],
                "properties": [],
                "returns": [
                    {
                        "description": {
                            "type": "root",
                            "children": [
                                {
                                    "type": "paragraph",
                                    "children": [
                                        {
                                            "type": "inlineCode",
                                            "value": "this",
                                            "position": {
                                                "start": {
                                                    "line": 1,
                                                    "column": 1,
                                                    "offset": 0
                                                },
                                                "end": {
                                                    "line": 1,
                                                    "column": 7,
                                                    "offset": 6
                                                },
                                                "indent": []
                                            }
                                        }
                                    ],
                                    "position": {
                                        "start": {
                                            "line": 1,
                                            "column": 1,
                                            "offset": 0
                                        },
                                        "end": {
                                            "line": 1,
                                            "column": 7,
                                            "offset": 6
                                        },
                                        "indent": []
                                    }
                                }
                            ],
                            "position": {
                                "start": {
                                    "line": 1,
                                    "column": 1,
                                    "offset": 0
                                },
                                "end": {
                                    "line": 1,
                                    "column": 7,
                                    "offset": 6
                                }
                            }
                        },
                        "title": "returns",
                        "type": {
                            "type": "NameExpression",
                            "name": "Object"
                        }
                    }
                ],
                "sees": [],
                "throws": [],
                "todos": [],
                "name": "on",
                "kind": "function",
                "memberof": "Evented",
                "scope": "instance",
                "members": {
                    "global": [],
                    "inner": [],
                    "instance": [],
                    "events": [],
                    "static": []
                },
                "path": [
                    {
                        "name": "Evented",
                        "kind": "mixin"
                    },
                    {
                        "name": "on",
                        "kind": "function",
                        "scope": "instance"
                    }
                ],
                "namespace": "Evented#on"
            },
            {
                "description": {
                    "type": "root",
                    "children": [
                        {
                            "type": "paragraph",
                            "children": [
                                {
                                    "type": "text",
                                    "value": "移除前一个添加的事件监听器。",
                                    "position": {
                                        "start": {
                                            "line": 1,
                                            "column": 1,
                                            "offset": 0
                                        },
                                        "end": {
                                            "line": 1,
                                            "column": 48,
                                            "offset": 47
                                        },
                                        "indent": []
                                    }
                                }
                            ],
                            "position": {
                                "start": {
                                    "line": 1,
                                    "column": 1,
                                    "offset": 0
                                },
                                "end": {
                                    "line": 1,
                                    "column": 48,
                                    "offset": 47
                                },
                                "indent": []
                            }
                        }
                    ],
                    "position": {
                        "start": {
                            "line": 1,
                            "column": 1,
                            "offset": 0
                        },
                        "end": {
                            "line": 1,
                            "column": 48,
                            "offset": 47
                        }
                    }
                },
                "tags": [
                    {
                        "title": "param",
                        "description": "The event type to remove listeners for.",
                        "lineNumber": 3,
                        "type": {
                            "type": "NameExpression",
                            "name": "string"
                        },
                        "name": "type"
                    },
                    {
                        "title": "param",
                        "description": "The listener function to remove.",
                        "lineNumber": 4,
                        "type": {
                            "type": "NameExpression",
                            "name": "Function"
                        },
                        "name": "listener"
                    },
                    {
                        "title": "returns",
                        "description": "`this`",
                        "lineNumber": 5,
                        "type": {
                            "type": "NameExpression",
                            "name": "Object"
                        }
                    }
                ],
                "loc": {
                    "start": {
                        "line": 69,
                        "column": 4
                    },
                    "end": {
                        "line": 75,
                        "column": 7
                    }
                },
                "context": {
                    "loc": {
                        "start": {
                            "line": 76,
                            "column": 4
                        },
                        "end": {
                            "line": 81,
                            "column": 5
                        }
                    },
                    "file": "/Users/mapboxchina/projects/mapbox-gl-js/src/util/evented.js",
                    "github": {
                        "url": "https://git@github.com/:mapbox/mapbox-gl-js/blob/43037cd3064d8900cdbf34eaf225053e12da17c1/src/util/evented.js#L76-L81",
                        "path": "src/util/evented.js"
                    }
                },
                "augments": [],
                "examples": [],
                "params": [
                    {
                        "title": "param",
                        "name": "type",
                        "lineNumber": 3,
                        "description": {
                            "type": "root",
                            "children": [
                                {
                                    "type": "paragraph",
                                    "children": [
                                        {
                                            "type": "text",
                                            "value": "待移除事件监听器的事件类型名称。",
                                            "position": {
                                                "start": {
                                                    "line": 1,
                                                    "column": 1,
                                                    "offset": 0
                                                },
                                                "end": {
                                                    "line": 1,
                                                    "column": 40,
                                                    "offset": 39
                                                },
                                                "indent": []
                                            }
                                        }
                                    ],
                                    "position": {
                                        "start": {
                                            "line": 1,
                                            "column": 1,
                                            "offset": 0
                                        },
                                        "end": {
                                            "line": 1,
                                            "column": 40,
                                            "offset": 39
                                        },
                                        "indent": []
                                    }
                                }
                            ],
                            "position": {
                                "start": {
                                    "line": 1,
                                    "column": 1,
                                    "offset": 0
                                },
                                "end": {
                                    "line": 1,
                                    "column": 40,
                                    "offset": 39
                                }
                            }
                        },
                        "type": {
                            "type": "NameExpression",
                            "name": "string"
                        }
                    },
                    {
                        "title": "param",
                        "name": "listener",
                        "lineNumber": 4,
                        "description": {
                            "type": "root",
                            "children": [
                                {
                                    "type": "paragraph",
                                    "children": [
                                        {
                                            "type": "text",
                                            "value": "待移除的事件监听器的回调函数。",
                                            "position": {
                                                "start": {
                                                    "line": 1,
                                                    "column": 1,
                                                    "offset": 0
                                                },
                                                "end": {
                                                    "line": 1,
                                                    "column": 33,
                                                    "offset": 32
                                                },
                                                "indent": []
                                            }
                                        }
                                    ],
                                    "position": {
                                        "start": {
                                            "line": 1,
                                            "column": 1,
                                            "offset": 0
                                        },
                                        "end": {
                                            "line": 1,
                                            "column": 33,
                                            "offset": 32
                                        },
                                        "indent": []
                                    }
                                }
                            ],
                            "position": {
                                "start": {
                                    "line": 1,
                                    "column": 1,
                                    "offset": 0
                                },
                                "end": {
                                    "line": 1,
                                    "column": 33,
                                    "offset": 32
                                }
                            }
                        },
                        "type": {
                            "type": "NameExpression",
                            "name": "Function"
                        }
                    }
                ],
                "properties": [],
                "returns": [
                    {
                        "description": {
                            "type": "root",
                            "children": [
                                {
                                    "type": "paragraph",
                                    "children": [
                                        {
                                            "type": "inlineCode",
                                            "value": "this",
                                            "position": {
                                                "start": {
                                                    "line": 1,
                                                    "column": 1,
                                                    "offset": 0
                                                },
                                                "end": {
                                                    "line": 1,
                                                    "column": 7,
                                                    "offset": 6
                                                },
                                                "indent": []
                                            }
                                        }
                                    ],
                                    "position": {
                                        "start": {
                                            "line": 1,
                                            "column": 1,
                                            "offset": 0
                                        },
                                        "end": {
                                            "line": 1,
                                            "column": 7,
                                            "offset": 6
                                        },
                                        "indent": []
                                    }
                                }
                            ],
                            "position": {
                                "start": {
                                    "line": 1,
                                    "column": 1,
                                    "offset": 0
                                },
                                "end": {
                                    "line": 1,
                                    "column": 7,
                                    "offset": 6
                                }
                            }
                        },
                        "title": "returns",
                        "type": {
                            "type": "NameExpression",
                            "name": "Object"
                        }
                    }
                ],
                "sees": [],
                "throws": [],
                "todos": [],
                "name": "off",
                "kind": "function",
                "memberof": "Evented",
                "scope": "instance",
                "members": {
                    "global": [],
                    "inner": [],
                    "instance": [],
                    "events": [],
                    "static": []
                },
                "path": [
                    {
                        "name": "Evented",
                        "kind": "mixin"
                    },
                    {
                        "name": "off",
                        "kind": "function",
                        "scope": "instance"
                    }
                ],
                "namespace": "Evented#off"
            },
            {
                "description": {
                    "type": "root",
                    "children": [
                        {
                            "type": "paragraph",
                            "children": [
                                {
                                    "type": "text",
                                    "value": "为特定类型的事件添加一个只会触发一次的监听器。",
                                    "position": {
                                        "start": {
                                            "line": 1,
                                            "column": 1,
                                            "offset": 0
                                        },
                                        "end": {
                                            "line": 1,
                                            "column": 73,
                                            "offset": 72
                                        },
                                        "indent": []
                                    }
                                }
                            ],
                            "position": {
                                "start": {
                                    "line": 1,
                                    "column": 1,
                                    "offset": 0
                                },
                                "end": {
                                    "line": 1,
                                    "column": 73,
                                    "offset": 72
                                },
                                "indent": []
                            }
                        },
                        {
                            "type": "paragraph",
                            "children": [
                                {
                                    "type": "text",
                                    "value": "注册之后，该监听器会在事件第一次触发的时候被调用。",
                                    "position": {
                                        "start": {
                                            "line": 3,
                                            "column": 1,
                                            "offset": 74
                                        },
                                        "end": {
                                            "line": 3,
                                            "column": 89,
                                            "offset": 162
                                        },
                                        "indent": []
                                    }
                                }
                            ],
                            "position": {
                                "start": {
                                    "line": 3,
                                    "column": 1,
                                    "offset": 74
                                },
                                "end": {
                                    "line": 3,
                                    "column": 89,
                                    "offset": 162
                                },
                                "indent": []
                            }
                        }
                    ],
                    "position": {
                        "start": {
                            "line": 1,
                            "column": 1,
                            "offset": 0
                        },
                        "end": {
                            "line": 3,
                            "column": 89,
                            "offset": 162
                        }
                    }
                },
                "tags": [
                    {
                        "title": "param",
                        "description": "The event type to listen for.",
                        "lineNumber": 5,
                        "type": {
                            "type": "NameExpression",
                            "name": "string"
                        },
                        "name": "type"
                    },
                    {
                        "title": "param",
                        "description": "The function to be called when the event is fired the first time.",
                        "lineNumber": 6,
                        "type": {
                            "type": "NameExpression",
                            "name": "Function"
                        },
                        "name": "listener"
                    },
                    {
                        "title": "returns",
                        "description": "`this`",
                        "lineNumber": 7,
                        "type": {
                            "type": "NameExpression",
                            "name": "Object"
                        }
                    }
                ],
                "loc": {
                    "start": {
                        "line": 83,
                        "column": 4
                    },
                    "end": {
                        "line": 91,
                        "column": 7
                    }
                },
                "context": {
                    "loc": {
                        "start": {
                            "line": 92,
                            "column": 4
                        },
                        "end": {
                            "line": 97,
                            "column": 5
                        }
                    },
                    "file": "/Users/mapboxchina/projects/mapbox-gl-js/src/util/evented.js",
                    "github": {
                        "url": "https://git@github.com/:mapbox/mapbox-gl-js/blob/43037cd3064d8900cdbf34eaf225053e12da17c1/src/util/evented.js#L92-L97",
                        "path": "src/util/evented.js"
                    }
                },
                "augments": [],
                "examples": [],
                "params": [
                    {
                        "title": "param",
                        "name": "type",
                        "lineNumber": 5,
                        "description": {
                            "type": "root",
                            "children": [
                                {
                                    "type": "paragraph",
                                    "children": [
                                        {
                                            "type": "text",
                                            "value": "待监听的事件类型。",
                                            "position": {
                                                "start": {
                                                    "line": 1,
                                                    "column": 1,
                                                    "offset": 0
                                                },
                                                "end": {
                                                    "line": 1,
                                                    "column": 30,
                                                    "offset": 29
                                                },
                                                "indent": []
                                            }
                                        }
                                    ],
                                    "position": {
                                        "start": {
                                            "line": 1,
                                            "column": 1,
                                            "offset": 0
                                        },
                                        "end": {
                                            "line": 1,
                                            "column": 30,
                                            "offset": 29
                                        },
                                        "indent": []
                                    }
                                }
                            ],
                            "position": {
                                "start": {
                                    "line": 1,
                                    "column": 1,
                                    "offset": 0
                                },
                                "end": {
                                    "line": 1,
                                    "column": 30,
                                    "offset": 29
                                }
                            }
                        },
                        "type": {
                            "type": "NameExpression",
                            "name": "string"
                        }
                    },
                    {
                        "title": "param",
                        "name": "listener",
                        "lineNumber": 6,
                        "description": {
                            "type": "root",
                            "children": [
                                {
                                    "type": "paragraph",
                                    "children": [
                                        {
                                            "type": "text",
                                            "value": "事件第一次触发时的回调函数。",
                                            "position": {
                                                "start": {
                                                    "line": 1,
                                                    "column": 1,
                                                    "offset": 0
                                                },
                                                "end": {
                                                    "line": 1,
                                                    "column": 66,
                                                    "offset": 65
                                                },
                                                "indent": []
                                            }
                                        }
                                    ],
                                    "position": {
                                        "start": {
                                            "line": 1,
                                            "column": 1,
                                            "offset": 0
                                        },
                                        "end": {
                                            "line": 1,
                                            "column": 66,
                                            "offset": 65
                                        },
                                        "indent": []
                                    }
                                }
                            ],
                            "position": {
                                "start": {
                                    "line": 1,
                                    "column": 1,
                                    "offset": 0
                                },
                                "end": {
                                    "line": 1,
                                    "column": 66,
                                    "offset": 65
                                }
                            }
                        },
                        "type": {
                            "type": "NameExpression",
                            "name": "Function"
                        }
                    }
                ],
                "properties": [],
                "returns": [
                    {
                        "description": {
                            "type": "root",
                            "children": [
                                {
                                    "type": "paragraph",
                                    "children": [
                                        {
                                            "type": "inlineCode",
                                            "value": "this",
                                            "position": {
                                                "start": {
                                                    "line": 1,
                                                    "column": 1,
                                                    "offset": 0
                                                },
                                                "end": {
                                                    "line": 1,
                                                    "column": 7,
                                                    "offset": 6
                                                },
                                                "indent": []
                                            }
                                        }
                                    ],
                                    "position": {
                                        "start": {
                                            "line": 1,
                                            "column": 1,
                                            "offset": 0
                                        },
                                        "end": {
                                            "line": 1,
                                            "column": 7,
                                            "offset": 6
                                        },
                                        "indent": []
                                    }
                                }
                            ],
                            "position": {
                                "start": {
                                    "line": 1,
                                    "column": 1,
                                    "offset": 0
                                },
                                "end": {
                                    "line": 1,
                                    "column": 7,
                                    "offset": 6
                                }
                            }
                        },
                        "title": "returns",
                        "type": {
                            "type": "NameExpression",
                            "name": "Object"
                        }
                    }
                ],
                "sees": [],
                "throws": [],
                "todos": [],
                "name": "once",
                "kind": "function",
                "memberof": "Evented",
                "scope": "instance",
                "members": {
                    "global": [],
                    "inner": [],
                    "instance": [],
                    "events": [],
                    "static": []
                },
                "path": [
                    {
                        "name": "Evented",
                        "kind": "mixin"
                    },
                    {
                        "name": "once",
                        "kind": "function",
                        "scope": "instance"
                    }
                ],
                "namespace": "Evented#once"
            }
        ],
        "events": [],
        "static": []
    },
    "namespace": "Evented"
}