{
    "description": {
        "type": "root",
        "children": [
            {
                "type": "paragraph",
                "children": [
                    {
                        "type": "text",
                        "value": "Options to add a canvas source type to the map.",
                        "position": {
                            "start": {
                                "line": 1,
                                "column": 1,
                                "offset": 0
                            },
                            "end": {
                                "line": 1,
                                "column": 48,
                                "offset": 47
                            },
                            "indent": []
                        }
                    }
                ],
                "position": {
                    "start": {
                        "line": 1,
                        "column": 1,
                        "offset": 0
                    },
                    "end": {
                        "line": 1,
                        "column": 48,
                        "offset": 47
                    },
                    "indent": []
                }
            }
        ],
        "position": {
            "start": {
                "line": 1,
                "column": 1,
                "offset": 0
            },
            "end": {
                "line": 1,
                "column": 48,
                "offset": 47
            }
        }
    },
    "tags": [
        {
            "title": "typedef",
            "description": null,
            "lineNumber": 3,
            "type": {
                "type": "NameExpression",
                "name": "Object"
            },
            "name": "CanvasSourceOptions"
        },
        {
            "title": "property",
            "description": "Source type. Must be `\"canvas\"`.",
            "lineNumber": 4,
            "type": {
                "type": "NameExpression",
                "name": "string"
            },
            "name": "type"
        },
        {
            "title": "property",
            "description": "Canvas source from which to read pixels. Can be a string representing the ID of the canvas element, or the `HTMLCanvasElement` itself.",
            "lineNumber": 5,
            "type": {
                "type": "UnionType",
                "elements": [
                    {
                        "type": "NameExpression",
                        "name": "string"
                    },
                    {
                        "type": "NameExpression",
                        "name": "HTMLCanvasElement"
                    }
                ]
            },
            "name": "canvas"
        },
        {
            "title": "property",
            "description": "Four geographical coordinates denoting where to place the corners of the canvas, specified in `[longitude, latitude]` pairs.",
            "lineNumber": 6,
            "type": {
                "type": "TypeApplication",
                "expression": {
                    "type": "NameExpression",
                    "name": "Array"
                },
                "applications": [
                    {
                        "type": "TypeApplication",
                        "expression": {
                            "type": "NameExpression",
                            "name": "Array"
                        },
                        "applications": [
                            {
                                "type": "NameExpression",
                                "name": "number"
                            }
                        ]
                    }
                ]
            },
            "name": "coordinates"
        },
        {
            "title": "property",
            "description": "Whether the canvas source is animated. If the canvas is static (i.e. pixels do not need to be re-read on every frame), `animate` should be set to `false` to improve performance.",
            "lineNumber": 7,
            "type": {
                "type": "OptionalType",
                "expression": {
                    "type": "NameExpression",
                    "name": "boolean"
                }
            },
            "name": "animate",
            "default": "true"
        }
    ],
    "loc": {
        "start": {
            "line": 23,
            "column": 0
        },
        "end": {
            "line": 31,
            "column": 3
        }
    },
    "context": {
        "loc": {
            "start": {
                "line": 61,
                "column": 0
            },
            "end": {
                "line": 235,
                "column": 1
            }
        },
        "file": "/Users/mapboxchina/projects/mapbox-gl-js/src/source/canvas_source.js",
        "github": {
            "url": "https://git@github.com/:mapbox/mapbox-gl-js/blob/43037cd3064d8900cdbf34eaf225053e12da17c1/src/source/canvas_source.js#L23-L31",
            "path": "src/source/canvas_source.js"
        }
    },
    "augments": [],
    "examples": [],
    "params": [],
    "properties": [
        {
            "title": "property",
            "name": "type",
            "lineNumber": 4,
            "description": {
                "type": "root",
                "children": [
                    {
                        "type": "paragraph",
                        "children": [
                            {
                                "type": "text",
                                "value": "Source type. Must be ",
                                "position": {
                                    "start": {
                                        "line": 1,
                                        "column": 1,
                                        "offset": 0
                                    },
                                    "end": {
                                        "line": 1,
                                        "column": 22,
                                        "offset": 21
                                    },
                                    "indent": []
                                }
                            },
                            {
                                "type": "inlineCode",
                                "value": "\"canvas\"",
                                "position": {
                                    "start": {
                                        "line": 1,
                                        "column": 22,
                                        "offset": 21
                                    },
                                    "end": {
                                        "line": 1,
                                        "column": 32,
                                        "offset": 31
                                    },
                                    "indent": []
                                }
                            },
                            {
                                "type": "text",
                                "value": ".",
                                "position": {
                                    "start": {
                                        "line": 1,
                                        "column": 32,
                                        "offset": 31
                                    },
                                    "end": {
                                        "line": 1,
                                        "column": 33,
                                        "offset": 32
                                    },
                                    "indent": []
                                }
                            }
                        ],
                        "position": {
                            "start": {
                                "line": 1,
                                "column": 1,
                                "offset": 0
                            },
                            "end": {
                                "line": 1,
                                "column": 33,
                                "offset": 32
                            },
                            "indent": []
                        }
                    }
                ],
                "position": {
                    "start": {
                        "line": 1,
                        "column": 1,
                        "offset": 0
                    },
                    "end": {
                        "line": 1,
                        "column": 33,
                        "offset": 32
                    }
                }
            },
            "type": {
                "type": "NameExpression",
                "name": "string"
            }
        },
        {
            "title": "property",
            "name": "canvas",
            "lineNumber": 5,
            "description": {
                "type": "root",
                "children": [
                    {
                        "type": "paragraph",
                        "children": [
                            {
                                "type": "text",
                                "value": "Canvas source from which to read pixels. Can be a string representing the ID of the canvas element, or the ",
                                "position": {
                                    "start": {
                                        "line": 1,
                                        "column": 1,
                                        "offset": 0
                                    },
                                    "end": {
                                        "line": 1,
                                        "column": 108,
                                        "offset": 107
                                    },
                                    "indent": []
                                }
                            },
                            {
                                "type": "inlineCode",
                                "value": "HTMLCanvasElement",
                                "position": {
                                    "start": {
                                        "line": 1,
                                        "column": 108,
                                        "offset": 107
                                    },
                                    "end": {
                                        "line": 1,
                                        "column": 127,
                                        "offset": 126
                                    },
                                    "indent": []
                                }
                            },
                            {
                                "type": "text",
                                "value": " itself.",
                                "position": {
                                    "start": {
                                        "line": 1,
                                        "column": 127,
                                        "offset": 126
                                    },
                                    "end": {
                                        "line": 1,
                                        "column": 135,
                                        "offset": 134
                                    },
                                    "indent": []
                                }
                            }
                        ],
                        "position": {
                            "start": {
                                "line": 1,
                                "column": 1,
                                "offset": 0
                            },
                            "end": {
                                "line": 1,
                                "column": 135,
                                "offset": 134
                            },
                            "indent": []
                        }
                    }
                ],
                "position": {
                    "start": {
                        "line": 1,
                        "column": 1,
                        "offset": 0
                    },
                    "end": {
                        "line": 1,
                        "column": 135,
                        "offset": 134
                    }
                }
            },
            "type": {
                "type": "UnionType",
                "elements": [
                    {
                        "type": "NameExpression",
                        "name": "string"
                    },
                    {
                        "type": "NameExpression",
                        "name": "HTMLCanvasElement"
                    }
                ]
            }
        },
        {
            "title": "property",
            "name": "coordinates",
            "lineNumber": 6,
            "description": {
                "type": "root",
                "children": [
                    {
                        "type": "paragraph",
                        "children": [
                            {
                                "type": "text",
                                "value": "Four geographical coordinates denoting where to place the corners of the canvas, specified in ",
                                "position": {
                                    "start": {
                                        "line": 1,
                                        "column": 1,
                                        "offset": 0
                                    },
                                    "end": {
                                        "line": 1,
                                        "column": 95,
                                        "offset": 94
                                    },
                                    "indent": []
                                }
                            },
                            {
                                "type": "inlineCode",
                                "value": "[longitude, latitude]",
                                "position": {
                                    "start": {
                                        "line": 1,
                                        "column": 95,
                                        "offset": 94
                                    },
                                    "end": {
                                        "line": 1,
                                        "column": 118,
                                        "offset": 117
                                    },
                                    "indent": []
                                }
                            },
                            {
                                "type": "text",
                                "value": " pairs.",
                                "position": {
                                    "start": {
                                        "line": 1,
                                        "column": 118,
                                        "offset": 117
                                    },
                                    "end": {
                                        "line": 1,
                                        "column": 125,
                                        "offset": 124
                                    },
                                    "indent": []
                                }
                            }
                        ],
                        "position": {
                            "start": {
                                "line": 1,
                                "column": 1,
                                "offset": 0
                            },
                            "end": {
                                "line": 1,
                                "column": 125,
                                "offset": 124
                            },
                            "indent": []
                        }
                    }
                ],
                "position": {
                    "start": {
                        "line": 1,
                        "column": 1,
                        "offset": 0
                    },
                    "end": {
                        "line": 1,
                        "column": 125,
                        "offset": 124
                    }
                }
            },
            "type": {
                "type": "TypeApplication",
                "expression": {
                    "type": "NameExpression",
                    "name": "Array"
                },
                "applications": [
                    {
                        "type": "TypeApplication",
                        "expression": {
                            "type": "NameExpression",
                            "name": "Array"
                        },
                        "applications": [
                            {
                                "type": "NameExpression",
                                "name": "number"
                            }
                        ]
                    }
                ]
            }
        },
        {
            "title": "property",
            "name": "animate",
            "lineNumber": 7,
            "description": {
                "type": "root",
                "children": [
                    {
                        "type": "paragraph",
                        "children": [
                            {
                                "type": "text",
                                "value": "Whether the canvas source is animated. If the canvas is static (i.e. pixels do not need to be re-read on every frame), ",
                                "position": {
                                    "start": {
                                        "line": 1,
                                        "column": 1,
                                        "offset": 0
                                    },
                                    "end": {
                                        "line": 1,
                                        "column": 120,
                                        "offset": 119
                                    },
                                    "indent": []
                                }
                            },
                            {
                                "type": "inlineCode",
                                "value": "animate",
                                "position": {
                                    "start": {
                                        "line": 1,
                                        "column": 120,
                                        "offset": 119
                                    },
                                    "end": {
                                        "line": 1,
                                        "column": 129,
                                        "offset": 128
                                    },
                                    "indent": []
                                }
                            },
                            {
                                "type": "text",
                                "value": " should be set to ",
                                "position": {
                                    "start": {
                                        "line": 1,
                                        "column": 129,
                                        "offset": 128
                                    },
                                    "end": {
                                        "line": 1,
                                        "column": 147,
                                        "offset": 146
                                    },
                                    "indent": []
                                }
                            },
                            {
                                "type": "inlineCode",
                                "value": "false",
                                "position": {
                                    "start": {
                                        "line": 1,
                                        "column": 147,
                                        "offset": 146
                                    },
                                    "end": {
                                        "line": 1,
                                        "column": 154,
                                        "offset": 153
                                    },
                                    "indent": []
                                }
                            },
                            {
                                "type": "text",
                                "value": " to improve performance.",
                                "position": {
                                    "start": {
                                        "line": 1,
                                        "column": 154,
                                        "offset": 153
                                    },
                                    "end": {
                                        "line": 1,
                                        "column": 178,
                                        "offset": 177
                                    },
                                    "indent": []
                                }
                            }
                        ],
                        "position": {
                            "start": {
                                "line": 1,
                                "column": 1,
                                "offset": 0
                            },
                            "end": {
                                "line": 1,
                                "column": 178,
                                "offset": 177
                            },
                            "indent": []
                        }
                    }
                ],
                "position": {
                    "start": {
                        "line": 1,
                        "column": 1,
                        "offset": 0
                    },
                    "end": {
                        "line": 1,
                        "column": 178,
                        "offset": 177
                    }
                }
            },
            "type": {
                "type": "OptionalType",
                "expression": {
                    "type": "NameExpression",
                    "name": "boolean"
                }
            }
        }
    ],
    "returns": [],
    "sees": [],
    "throws": [],
    "todos": [],
    "kind": "typedef",
    "name": "CanvasSourceOptions",
    "type": {
        "type": "NameExpression",
        "name": "Object"
    },
    "path": [
        {
            "name": "CanvasSourceOptions",
            "kind": "typedef"
        }
    ],
    "members": {
        "global": [],
        "inner": [],
        "instance": [],
        "events": [],
        "static": []
    },
    "namespace": "CanvasSourceOptions"
}