{
    "name": "Geography & Geometry",
    "description": {
        "type": "root",
        "children": [
            {
                "type": "paragraph",
                "children": [
                    {
                        "type": "inlineCode",
                        "value": "LngLat",
                        "position": {
                            "start": {
                                "line": 1,
                                "column": 1,
                                "offset": 0
                            },
                            "end": {
                                "line": 1,
                                "column": 9,
                                "offset": 8
                            },
                            "indent": []
                        }
                    },
                    {
                        "type": "text",
                        "value": " and ",
                        "position": {
                            "start": {
                                "line": 1,
                                "column": 9,
                                "offset": 8
                            },
                            "end": {
                                "line": 1,
                                "column": 14,
                                "offset": 13
                            },
                            "indent": []
                        }
                    },
                    {
                        "type": "inlineCode",
                        "value": "LngLatBounds",
                        "position": {
                            "start": {
                                "line": 1,
                                "column": 14,
                                "offset": 13
                            },
                            "end": {
                                "line": 1,
                                "column": 28,
                                "offset": 27
                            },
                            "indent": []
                        }
                    },
                    {
                        "type": "text",
                        "value": " represent points and rectangles in geographic\ncoordinates. ",
                        "position": {
                            "start": {
                                "line": 1,
                                "column": 28,
                                "offset": 27
                            },
                            "end": {
                                "line": 2,
                                "column": 14,
                                "offset": 87
                            },
                            "indent": [
                                1
                            ]
                        }
                    },
                    {
                        "type": "inlineCode",
                        "value": "Point",
                        "position": {
                            "start": {
                                "line": 2,
                                "column": 14,
                                "offset": 87
                            },
                            "end": {
                                "line": 2,
                                "column": 21,
                                "offset": 94
                            },
                            "indent": []
                        }
                    },
                    {
                        "type": "text",
                        "value": " represents points in screen coordinates.",
                        "position": {
                            "start": {
                                "line": 2,
                                "column": 21,
                                "offset": 94
                            },
                            "end": {
                                "line": 2,
                                "column": 62,
                                "offset": 135
                            },
                            "indent": []
                        }
                    }
                ],
                "position": {
                    "start": {
                        "line": 1,
                        "column": 1,
                        "offset": 0
                    },
                    "end": {
                        "line": 2,
                        "column": 62,
                        "offset": 135
                    },
                    "indent": [
                        1
                    ]
                }
            }
        ],
        "position": {
            "start": {
                "line": 1,
                "column": 1,
                "offset": 0
            },
            "end": {
                "line": 3,
                "column": 1,
                "offset": 136
            }
        }
    },
    "kind": "note",
    "path": [
        {
            "name": "Geography & Geometry",
            "kind": "note"
        }
    ],
    "members": {
        "global": [],
        "inner": [],
        "instance": [],
        "events": [],
        "static": []
    },
    "namespace": "Geography & Geometry"
}