{
    "description": {
        "type": "root",
        "children": [
            {
                "type": "paragraph",
                "children": [
                    {
                        "type": "text",
                        "value": "A ",
                        "position": {
                            "start": {
                                "line": 1,
                                "column": 1,
                                "offset": 0
                            },
                            "end": {
                                "line": 1,
                                "column": 3,
                                "offset": 2
                            },
                            "indent": []
                        }
                    },
                    {
                        "type": "link",
                        "url": "LngLatBounds",
                        "title": null,
                        "jsdoc": true,
                        "children": [
                            {
                                "type": "text",
                                "value": "LngLatBounds"
                            }
                        ],
                        "position": {
                            "start": {
                                "line": 1,
                                "column": 3,
                                "offset": 2
                            },
                            "end": {
                                "line": 1,
                                "column": 23,
                                "offset": 22
                            },
                            "indent": []
                        }
                    },
                    {
                        "type": "text",
                        "value": " object, an array of ",
                        "position": {
                            "start": {
                                "line": 1,
                                "column": 23,
                                "offset": 22
                            },
                            "end": {
                                "line": 1,
                                "column": 44,
                                "offset": 43
                            },
                            "indent": []
                        }
                    },
                    {
                        "type": "link",
                        "url": "LngLatLike",
                        "title": null,
                        "jsdoc": true,
                        "children": [
                            {
                                "type": "text",
                                "value": "LngLatLike"
                            }
                        ],
                        "position": {
                            "start": {
                                "line": 1,
                                "column": 44,
                                "offset": 43
                            },
                            "end": {
                                "line": 1,
                                "column": 62,
                                "offset": 61
                            },
                            "indent": []
                        }
                    },
                    {
                        "type": "text",
                        "value": " objects in ",
                        "position": {
                            "start": {
                                "line": 1,
                                "column": 62,
                                "offset": 61
                            },
                            "end": {
                                "line": 1,
                                "column": 74,
                                "offset": 73
                            },
                            "indent": []
                        }
                    },
                    {
                        "type": "linkReference",
                        "identifier": "sw, ne",
                        "referenceType": "shortcut",
                        "children": [
                            {
                                "type": "text",
                                "value": "sw, ne",
                                "position": {
                                    "start": {
                                        "line": 1,
                                        "column": 75,
                                        "offset": 74
                                    },
                                    "end": {
                                        "line": 1,
                                        "column": 81,
                                        "offset": 80
                                    },
                                    "indent": []
                                }
                            }
                        ],
                        "position": {
                            "start": {
                                "line": 1,
                                "column": 74,
                                "offset": 73
                            },
                            "end": {
                                "line": 1,
                                "column": 82,
                                "offset": 81
                            },
                            "indent": []
                        }
                    },
                    {
                        "type": "text",
                        "value": " order,\nor an array of numbers in ",
                        "position": {
                            "start": {
                                "line": 1,
                                "column": 82,
                                "offset": 81
                            },
                            "end": {
                                "line": 2,
                                "column": 27,
                                "offset": 115
                            },
                            "indent": [
                                1
                            ]
                        }
                    },
                    {
                        "type": "linkReference",
                        "identifier": "west, south, east, north",
                        "referenceType": "shortcut",
                        "children": [
                            {
                                "type": "text",
                                "value": "west, south, east, north",
                                "position": {
                                    "start": {
                                        "line": 2,
                                        "column": 28,
                                        "offset": 116
                                    },
                                    "end": {
                                        "line": 2,
                                        "column": 52,
                                        "offset": 140
                                    },
                                    "indent": []
                                }
                            }
                        ],
                        "position": {
                            "start": {
                                "line": 2,
                                "column": 27,
                                "offset": 115
                            },
                            "end": {
                                "line": 2,
                                "column": 53,
                                "offset": 141
                            },
                            "indent": []
                        }
                    },
                    {
                        "type": "text",
                        "value": " order.",
                        "position": {
                            "start": {
                                "line": 2,
                                "column": 53,
                                "offset": 141
                            },
                            "end": {
                                "line": 2,
                                "column": 60,
                                "offset": 148
                            },
                            "indent": []
                        }
                    }
                ],
                "position": {
                    "start": {
                        "line": 1,
                        "column": 1,
                        "offset": 0
                    },
                    "end": {
                        "line": 2,
                        "column": 60,
                        "offset": 148
                    },
                    "indent": [
                        1
                    ]
                }
            }
        ],
        "position": {
            "start": {
                "line": 1,
                "column": 1,
                "offset": 0
            },
            "end": {
                "line": 2,
                "column": 60,
                "offset": 148
            }
        }
    },
    "tags": [
        {
            "title": "typedef",
            "description": null,
            "lineNumber": 4,
            "type": {
                "type": "UnionType",
                "elements": [
                    {
                        "type": "NameExpression",
                        "name": "LngLatBounds"
                    },
                    {
                        "type": "ArrayType",
                        "elements": [
                            {
                                "type": "NameExpression",
                                "name": "LngLatLike"
                            },
                            {
                                "type": "NameExpression",
                                "name": "LngLatLike"
                            }
                        ]
                    },
                    {
                        "type": "ArrayType",
                        "elements": [
                            {
                                "type": "NameExpression",
                                "name": "number"
                            },
                            {
                                "type": "NameExpression",
                                "name": "number"
                            },
                            {
                                "type": "NameExpression",
                                "name": "number"
                            },
                            {
                                "type": "NameExpression",
                                "name": "number"
                            }
                        ]
                    }
                ]
            },
            "name": "LngLatBoundsLike"
        },
        {
            "title": "example",
            "description": "var v1 = new mapboxgl.LngLatBounds(\n  new mapboxgl.LngLat(-73.9876, 40.7661),\n  new mapboxgl.LngLat(-73.9397, 40.8002)\n);\nvar v2 = new mapboxgl.LngLatBounds([-73.9876, 40.7661], [-73.9397, 40.8002])\nvar v3 = [[-73.9876, 40.7661], [-73.9397, 40.8002]];",
            "lineNumber": 5
        }
    ],
    "loc": {
        "start": {
            "line": 232,
            "column": 0
        },
        "end": {
            "line": 244,
            "column": 3
        }
    },
    "context": {
        "loc": {
            "start": {
                "line": 245,
                "column": 0
            },
            "end": {
                "line": 245,
                "column": 106
            }
        },
        "file": "/Users/mapboxchina/projects/mapbox-gl-js/src/geo/lng_lat_bounds.js",
        "github": {
            "url": "https://git@github.com/:mapbox/mapbox-gl-js/blob/43037cd3064d8900cdbf34eaf225053e12da17c1/src/geo/lng_lat_bounds.js#L232-L244",
            "path": "src/geo/lng_lat_bounds.js"
        }
    },
    "augments": [],
    "examples": [
        {
            "description": "var v1 = new mapboxgl.LngLatBounds(\n  new mapboxgl.LngLat(-73.9876, 40.7661),\n  new mapboxgl.LngLat(-73.9397, 40.8002)\n);\nvar v2 = new mapboxgl.LngLatBounds([-73.9876, 40.7661], [-73.9397, 40.8002])\nvar v3 = [[-73.9876, 40.7661], [-73.9397, 40.8002]];"
        }
    ],
    "params": [],
    "properties": [],
    "returns": [],
    "sees": [],
    "throws": [],
    "todos": [],
    "kind": "typedef",
    "name": "LngLatBoundsLike",
    "type": {
        "type": "UnionType",
        "elements": [
            {
                "type": "NameExpression",
                "name": "LngLatBounds"
            },
            {
                "type": "ArrayType",
                "elements": [
                    {
                        "type": "NameExpression",
                        "name": "LngLatLike"
                    },
                    {
                        "type": "NameExpression",
                        "name": "LngLatLike"
                    }
                ]
            },
            {
                "type": "ArrayType",
                "elements": [
                    {
                        "type": "NameExpression",
                        "name": "number"
                    },
                    {
                        "type": "NameExpression",
                        "name": "number"
                    },
                    {
                        "type": "NameExpression",
                        "name": "number"
                    },
                    {
                        "type": "NameExpression",
                        "name": "number"
                    }
                ]
            }
        ]
    },
    "path": [
        {
            "name": "LngLatBoundsLike",
            "kind": "typedef"
        }
    ],
    "members": {
        "global": [],
        "inner": [],
        "instance": [],
        "events": [],
        "static": []
    },
    "namespace": "LngLatBoundsLike"
}