{
    "description": {
        "type": "root",
        "children": [
            {
                "type": "paragraph",
                "children": [
                    {
                        "type": "text",
                        "value": "A ",
                        "position": {
                            "start": {
                                "line": 1,
                                "column": 1,
                                "offset": 0
                            },
                            "end": {
                                "line": 1,
                                "column": 3,
                                "offset": 2
                            },
                            "indent": []
                        }
                    },
                    {
                        "type": "inlineCode",
                        "value": "MapDataEvent",
                        "position": {
                            "start": {
                                "line": 1,
                                "column": 3,
                                "offset": 2
                            },
                            "end": {
                                "line": 1,
                                "column": 17,
                                "offset": 16
                            },
                            "indent": []
                        }
                    },
                    {
                        "type": "text",
                        "value": " object is emitted with the ",
                        "position": {
                            "start": {
                                "line": 1,
                                "column": 17,
                                "offset": 16
                            },
                            "end": {
                                "line": 1,
                                "column": 45,
                                "offset": 44
                            },
                            "indent": []
                        }
                    },
                    {
                        "type": "link",
                        "url": "Map.event:data",
                        "title": null,
                        "jsdoc": true,
                        "children": [
                            {
                                "type": "text",
                                "value": "Map.event:data"
                            }
                        ],
                        "position": {
                            "start": {
                                "line": 1,
                                "column": 45,
                                "offset": 44
                            },
                            "end": {
                                "line": 1,
                                "column": 67,
                                "offset": 66
                            },
                            "indent": []
                        }
                    },
                    {
                        "type": "text",
                        "value": "\nand ",
                        "position": {
                            "start": {
                                "line": 1,
                                "column": 67,
                                "offset": 66
                            },
                            "end": {
                                "line": 2,
                                "column": 5,
                                "offset": 71
                            },
                            "indent": [
                                1
                            ]
                        }
                    },
                    {
                        "type": "link",
                        "url": "Map.event:dataloading",
                        "title": null,
                        "jsdoc": true,
                        "children": [
                            {
                                "type": "text",
                                "value": "Map.event:dataloading"
                            }
                        ],
                        "position": {
                            "start": {
                                "line": 2,
                                "column": 5,
                                "offset": 71
                            },
                            "end": {
                                "line": 2,
                                "column": 34,
                                "offset": 100
                            },
                            "indent": []
                        }
                    },
                    {
                        "type": "text",
                        "value": " events. Possible values for\n",
                        "position": {
                            "start": {
                                "line": 2,
                                "column": 34,
                                "offset": 100
                            },
                            "end": {
                                "line": 3,
                                "column": 1,
                                "offset": 129
                            },
                            "indent": [
                                1
                            ]
                        }
                    },
                    {
                        "type": "inlineCode",
                        "value": "dataType",
                        "position": {
                            "start": {
                                "line": 3,
                                "column": 1,
                                "offset": 129
                            },
                            "end": {
                                "line": 3,
                                "column": 11,
                                "offset": 139
                            },
                            "indent": []
                        }
                    },
                    {
                        "type": "text",
                        "value": "s are:",
                        "position": {
                            "start": {
                                "line": 3,
                                "column": 11,
                                "offset": 139
                            },
                            "end": {
                                "line": 3,
                                "column": 17,
                                "offset": 145
                            },
                            "indent": []
                        }
                    }
                ],
                "position": {
                    "start": {
                        "line": 1,
                        "column": 1,
                        "offset": 0
                    },
                    "end": {
                        "line": 3,
                        "column": 17,
                        "offset": 145
                    },
                    "indent": [
                        1,
                        1
                    ]
                }
            },
            {
                "type": "list",
                "ordered": false,
                "start": null,
                "loose": false,
                "children": [
                    {
                        "type": "listItem",
                        "loose": false,
                        "checked": null,
                        "children": [
                            {
                                "type": "paragraph",
                                "children": [
                                    {
                                        "type": "inlineCode",
                                        "value": "'source'",
                                        "position": {
                                            "start": {
                                                "line": 5,
                                                "column": 3,
                                                "offset": 149
                                            },
                                            "end": {
                                                "line": 5,
                                                "column": 13,
                                                "offset": 159
                                            },
                                            "indent": []
                                        }
                                    },
                                    {
                                        "type": "text",
                                        "value": ": The non-tile data associated with any source",
                                        "position": {
                                            "start": {
                                                "line": 5,
                                                "column": 13,
                                                "offset": 159
                                            },
                                            "end": {
                                                "line": 5,
                                                "column": 59,
                                                "offset": 205
                                            },
                                            "indent": []
                                        }
                                    }
                                ],
                                "position": {
                                    "start": {
                                        "line": 5,
                                        "column": 3,
                                        "offset": 149
                                    },
                                    "end": {
                                        "line": 5,
                                        "column": 59,
                                        "offset": 205
                                    },
                                    "indent": []
                                }
                            }
                        ],
                        "position": {
                            "start": {
                                "line": 5,
                                "column": 1,
                                "offset": 147
                            },
                            "end": {
                                "line": 5,
                                "column": 59,
                                "offset": 205
                            },
                            "indent": []
                        }
                    },
                    {
                        "type": "listItem",
                        "loose": false,
                        "checked": null,
                        "children": [
                            {
                                "type": "paragraph",
                                "children": [
                                    {
                                        "type": "inlineCode",
                                        "value": "'style'",
                                        "position": {
                                            "start": {
                                                "line": 6,
                                                "column": 3,
                                                "offset": 208
                                            },
                                            "end": {
                                                "line": 6,
                                                "column": 12,
                                                "offset": 217
                                            },
                                            "indent": []
                                        }
                                    },
                                    {
                                        "type": "text",
                                        "value": ": The ",
                                        "position": {
                                            "start": {
                                                "line": 6,
                                                "column": 12,
                                                "offset": 217
                                            },
                                            "end": {
                                                "line": 6,
                                                "column": 18,
                                                "offset": 223
                                            },
                                            "indent": []
                                        }
                                    },
                                    {
                                        "type": "link",
                                        "title": null,
                                        "url": "https://www.mapbox.com/mapbox-gl-style-spec/",
                                        "children": [
                                            {
                                                "type": "text",
                                                "value": "style",
                                                "position": {
                                                    "start": {
                                                        "line": 6,
                                                        "column": 19,
                                                        "offset": 224
                                                    },
                                                    "end": {
                                                        "line": 6,
                                                        "column": 24,
                                                        "offset": 229
                                                    },
                                                    "indent": []
                                                }
                                            }
                                        ],
                                        "position": {
                                            "start": {
                                                "line": 6,
                                                "column": 18,
                                                "offset": 223
                                            },
                                            "end": {
                                                "line": 6,
                                                "column": 71,
                                                "offset": 276
                                            },
                                            "indent": []
                                        }
                                    },
                                    {
                                        "type": "text",
                                        "value": " used by the map",
                                        "position": {
                                            "start": {
                                                "line": 6,
                                                "column": 71,
                                                "offset": 276
                                            },
                                            "end": {
                                                "line": 6,
                                                "column": 87,
                                                "offset": 292
                                            },
                                            "indent": []
                                        }
                                    }
                                ],
                                "position": {
                                    "start": {
                                        "line": 6,
                                        "column": 3,
                                        "offset": 208
                                    },
                                    "end": {
                                        "line": 6,
                                        "column": 87,
                                        "offset": 292
                                    },
                                    "indent": []
                                }
                            }
                        ],
                        "position": {
                            "start": {
                                "line": 6,
                                "column": 1,
                                "offset": 206
                            },
                            "end": {
                                "line": 6,
                                "column": 87,
                                "offset": 292
                            },
                            "indent": []
                        }
                    }
                ],
                "position": {
                    "start": {
                        "line": 5,
                        "column": 1,
                        "offset": 147
                    },
                    "end": {
                        "line": 6,
                        "column": 87,
                        "offset": 292
                    },
                    "indent": [
                        1
                    ]
                }
            }
        ],
        "position": {
            "start": {
                "line": 1,
                "column": 1,
                "offset": 0
            },
            "end": {
                "line": 6,
                "column": 87,
                "offset": 292
            }
        }
    },
    "tags": [
        {
            "title": "typedef",
            "description": null,
            "lineNumber": 8,
            "type": {
                "type": "NameExpression",
                "name": "Object"
            },
            "name": "MapDataEvent"
        },
        {
            "title": "property",
            "description": "The event type.",
            "lineNumber": 9,
            "type": {
                "type": "NameExpression",
                "name": "string"
            },
            "name": "type"
        },
        {
            "title": "property",
            "description": "The type of data that has changed. One of `'source'`, `'style'`.",
            "lineNumber": 10,
            "type": {
                "type": "NameExpression",
                "name": "string"
            },
            "name": "dataType"
        },
        {
            "title": "property",
            "description": "True if the event has a `dataType` of `source` and the source has no outstanding network requests.",
            "lineNumber": 11,
            "type": {
                "type": "OptionalType",
                "expression": {
                    "type": "NameExpression",
                    "name": "boolean"
                }
            },
            "name": "isSourceLoaded"
        },
        {
            "title": "property",
            "description": "The [style spec representation of the source](https://www.mapbox.com/mapbox-gl-style-spec/#sources) if the event has a `dataType` of `source`.",
            "lineNumber": 12,
            "type": {
                "type": "OptionalType",
                "expression": {
                    "type": "NameExpression",
                    "name": "Object"
                }
            },
            "name": "source"
        },
        {
            "title": "property",
            "description": "Included if the event has a `dataType` of `source` and the event signals\nthat internal data has been received or changed. Possible values are `metadata` and `content`.",
            "lineNumber": 13,
            "type": {
                "type": "OptionalType",
                "expression": {
                    "type": "NameExpression",
                    "name": "string"
                }
            },
            "name": "sourceDataType"
        },
        {
            "title": "property",
            "description": "The tile being loaded or changed, if the event has a `dataType` of `source` and\nthe event is related to loading of a tile.",
            "lineNumber": 15,
            "type": {
                "type": "OptionalType",
                "expression": {
                    "type": "NameExpression",
                    "name": "Object"
                }
            },
            "name": "tile"
        },
        {
            "title": "property",
            "description": "The coordinate of the tile if the event has a `dataType` of `source` and\nthe event is related to loading of a tile.",
            "lineNumber": 17,
            "type": {
                "type": "OptionalType",
                "expression": {
                    "type": "NameExpression",
                    "name": "Coordinate"
                }
            },
            "name": "coord"
        }
    ],
    "loc": {
        "start": {
            "line": 228,
            "column": 0
        },
        "end": {
            "line": 247,
            "column": 3
        }
    },
    "context": {
        "loc": {
            "start": {
                "line": 248,
                "column": 0
            },
            "end": {
                "line": 251,
                "column": 2
            }
        },
        "file": "/Users/mapboxchina/projects/mapbox-gl-js/src/ui/events.js",
        "github": {
            "url": "https://git@github.com/:mapbox/mapbox-gl-js/blob/43037cd3064d8900cdbf34eaf225053e12da17c1/src/ui/events.js#L228-L247",
            "path": "src/ui/events.js"
        }
    },
    "augments": [],
    "examples": [],
    "params": [],
    "properties": [
        {
            "title": "property",
            "name": "type",
            "lineNumber": 9,
            "description": {
                "type": "root",
                "children": [
                    {
                        "type": "paragraph",
                        "children": [
                            {
                                "type": "text",
                                "value": "The event type.",
                                "position": {
                                    "start": {
                                        "line": 1,
                                        "column": 1,
                                        "offset": 0
                                    },
                                    "end": {
                                        "line": 1,
                                        "column": 16,
                                        "offset": 15
                                    },
                                    "indent": []
                                }
                            }
                        ],
                        "position": {
                            "start": {
                                "line": 1,
                                "column": 1,
                                "offset": 0
                            },
                            "end": {
                                "line": 1,
                                "column": 16,
                                "offset": 15
                            },
                            "indent": []
                        }
                    }
                ],
                "position": {
                    "start": {
                        "line": 1,
                        "column": 1,
                        "offset": 0
                    },
                    "end": {
                        "line": 1,
                        "column": 16,
                        "offset": 15
                    }
                }
            },
            "type": {
                "type": "NameExpression",
                "name": "string"
            }
        },
        {
            "title": "property",
            "name": "dataType",
            "lineNumber": 10,
            "description": {
                "type": "root",
                "children": [
                    {
                        "type": "paragraph",
                        "children": [
                            {
                                "type": "text",
                                "value": "The type of data that has changed. One of ",
                                "position": {
                                    "start": {
                                        "line": 1,
                                        "column": 1,
                                        "offset": 0
                                    },
                                    "end": {
                                        "line": 1,
                                        "column": 43,
                                        "offset": 42
                                    },
                                    "indent": []
                                }
                            },
                            {
                                "type": "inlineCode",
                                "value": "'source'",
                                "position": {
                                    "start": {
                                        "line": 1,
                                        "column": 43,
                                        "offset": 42
                                    },
                                    "end": {
                                        "line": 1,
                                        "column": 53,
                                        "offset": 52
                                    },
                                    "indent": []
                                }
                            },
                            {
                                "type": "text",
                                "value": ", ",
                                "position": {
                                    "start": {
                                        "line": 1,
                                        "column": 53,
                                        "offset": 52
                                    },
                                    "end": {
                                        "line": 1,
                                        "column": 55,
                                        "offset": 54
                                    },
                                    "indent": []
                                }
                            },
                            {
                                "type": "inlineCode",
                                "value": "'style'",
                                "position": {
                                    "start": {
                                        "line": 1,
                                        "column": 55,
                                        "offset": 54
                                    },
                                    "end": {
                                        "line": 1,
                                        "column": 64,
                                        "offset": 63
                                    },
                                    "indent": []
                                }
                            },
                            {
                                "type": "text",
                                "value": ".",
                                "position": {
                                    "start": {
                                        "line": 1,
                                        "column": 64,
                                        "offset": 63
                                    },
                                    "end": {
                                        "line": 1,
                                        "column": 65,
                                        "offset": 64
                                    },
                                    "indent": []
                                }
                            }
                        ],
                        "position": {
                            "start": {
                                "line": 1,
                                "column": 1,
                                "offset": 0
                            },
                            "end": {
                                "line": 1,
                                "column": 65,
                                "offset": 64
                            },
                            "indent": []
                        }
                    }
                ],
                "position": {
                    "start": {
                        "line": 1,
                        "column": 1,
                        "offset": 0
                    },
                    "end": {
                        "line": 1,
                        "column": 65,
                        "offset": 64
                    }
                }
            },
            "type": {
                "type": "NameExpression",
                "name": "string"
            }
        },
        {
            "title": "property",
            "name": "isSourceLoaded",
            "lineNumber": 11,
            "description": {
                "type": "root",
                "children": [
                    {
                        "type": "paragraph",
                        "children": [
                            {
                                "type": "text",
                                "value": "True if the event has a ",
                                "position": {
                                    "start": {
                                        "line": 1,
                                        "column": 1,
                                        "offset": 0
                                    },
                                    "end": {
                                        "line": 1,
                                        "column": 25,
                                        "offset": 24
                                    },
                                    "indent": []
                                }
                            },
                            {
                                "type": "inlineCode",
                                "value": "dataType",
                                "position": {
                                    "start": {
                                        "line": 1,
                                        "column": 25,
                                        "offset": 24
                                    },
                                    "end": {
                                        "line": 1,
                                        "column": 35,
                                        "offset": 34
                                    },
                                    "indent": []
                                }
                            },
                            {
                                "type": "text",
                                "value": " of ",
                                "position": {
                                    "start": {
                                        "line": 1,
                                        "column": 35,
                                        "offset": 34
                                    },
                                    "end": {
                                        "line": 1,
                                        "column": 39,
                                        "offset": 38
                                    },
                                    "indent": []
                                }
                            },
                            {
                                "type": "inlineCode",
                                "value": "source",
                                "position": {
                                    "start": {
                                        "line": 1,
                                        "column": 39,
                                        "offset": 38
                                    },
                                    "end": {
                                        "line": 1,
                                        "column": 47,
                                        "offset": 46
                                    },
                                    "indent": []
                                }
                            },
                            {
                                "type": "text",
                                "value": " and the source has no outstanding network requests.",
                                "position": {
                                    "start": {
                                        "line": 1,
                                        "column": 47,
                                        "offset": 46
                                    },
                                    "end": {
                                        "line": 1,
                                        "column": 99,
                                        "offset": 98
                                    },
                                    "indent": []
                                }
                            }
                        ],
                        "position": {
                            "start": {
                                "line": 1,
                                "column": 1,
                                "offset": 0
                            },
                            "end": {
                                "line": 1,
                                "column": 99,
                                "offset": 98
                            },
                            "indent": []
                        }
                    }
                ],
                "position": {
                    "start": {
                        "line": 1,
                        "column": 1,
                        "offset": 0
                    },
                    "end": {
                        "line": 1,
                        "column": 99,
                        "offset": 98
                    }
                }
            },
            "type": {
                "type": "OptionalType",
                "expression": {
                    "type": "NameExpression",
                    "name": "boolean"
                }
            }
        },
        {
            "title": "property",
            "name": "source",
            "lineNumber": 12,
            "description": {
                "type": "root",
                "children": [
                    {
                        "type": "paragraph",
                        "children": [
                            {
                                "type": "text",
                                "value": "The ",
                                "position": {
                                    "start": {
                                        "line": 1,
                                        "column": 1,
                                        "offset": 0
                                    },
                                    "end": {
                                        "line": 1,
                                        "column": 5,
                                        "offset": 4
                                    },
                                    "indent": []
                                }
                            },
                            {
                                "type": "link",
                                "title": null,
                                "url": "https://www.mapbox.com/mapbox-gl-style-spec/#sources",
                                "children": [
                                    {
                                        "type": "text",
                                        "value": "style spec representation of the source",
                                        "position": {
                                            "start": {
                                                "line": 1,
                                                "column": 6,
                                                "offset": 5
                                            },
                                            "end": {
                                                "line": 1,
                                                "column": 45,
                                                "offset": 44
                                            },
                                            "indent": []
                                        }
                                    }
                                ],
                                "position": {
                                    "start": {
                                        "line": 1,
                                        "column": 5,
                                        "offset": 4
                                    },
                                    "end": {
                                        "line": 1,
                                        "column": 100,
                                        "offset": 99
                                    },
                                    "indent": []
                                }
                            },
                            {
                                "type": "text",
                                "value": " if the event has a ",
                                "position": {
                                    "start": {
                                        "line": 1,
                                        "column": 100,
                                        "offset": 99
                                    },
                                    "end": {
                                        "line": 1,
                                        "column": 120,
                                        "offset": 119
                                    },
                                    "indent": []
                                }
                            },
                            {
                                "type": "inlineCode",
                                "value": "dataType",
                                "position": {
                                    "start": {
                                        "line": 1,
                                        "column": 120,
                                        "offset": 119
                                    },
                                    "end": {
                                        "line": 1,
                                        "column": 130,
                                        "offset": 129
                                    },
                                    "indent": []
                                }
                            },
                            {
                                "type": "text",
                                "value": " of ",
                                "position": {
                                    "start": {
                                        "line": 1,
                                        "column": 130,
                                        "offset": 129
                                    },
                                    "end": {
                                        "line": 1,
                                        "column": 134,
                                        "offset": 133
                                    },
                                    "indent": []
                                }
                            },
                            {
                                "type": "inlineCode",
                                "value": "source",
                                "position": {
                                    "start": {
                                        "line": 1,
                                        "column": 134,
                                        "offset": 133
                                    },
                                    "end": {
                                        "line": 1,
                                        "column": 142,
                                        "offset": 141
                                    },
                                    "indent": []
                                }
                            },
                            {
                                "type": "text",
                                "value": ".",
                                "position": {
                                    "start": {
                                        "line": 1,
                                        "column": 142,
                                        "offset": 141
                                    },
                                    "end": {
                                        "line": 1,
                                        "column": 143,
                                        "offset": 142
                                    },
                                    "indent": []
                                }
                            }
                        ],
                        "position": {
                            "start": {
                                "line": 1,
                                "column": 1,
                                "offset": 0
                            },
                            "end": {
                                "line": 1,
                                "column": 143,
                                "offset": 142
                            },
                            "indent": []
                        }
                    }
                ],
                "position": {
                    "start": {
                        "line": 1,
                        "column": 1,
                        "offset": 0
                    },
                    "end": {
                        "line": 1,
                        "column": 143,
                        "offset": 142
                    }
                }
            },
            "type": {
                "type": "OptionalType",
                "expression": {
                    "type": "NameExpression",
                    "name": "Object"
                }
            }
        },
        {
            "title": "property",
            "name": "sourceDataType",
            "lineNumber": 13,
            "description": {
                "type": "root",
                "children": [
                    {
                        "type": "paragraph",
                        "children": [
                            {
                                "type": "text",
                                "value": "Included if the event has a ",
                                "position": {
                                    "start": {
                                        "line": 1,
                                        "column": 1,
                                        "offset": 0
                                    },
                                    "end": {
                                        "line": 1,
                                        "column": 29,
                                        "offset": 28
                                    },
                                    "indent": []
                                }
                            },
                            {
                                "type": "inlineCode",
                                "value": "dataType",
                                "position": {
                                    "start": {
                                        "line": 1,
                                        "column": 29,
                                        "offset": 28
                                    },
                                    "end": {
                                        "line": 1,
                                        "column": 39,
                                        "offset": 38
                                    },
                                    "indent": []
                                }
                            },
                            {
                                "type": "text",
                                "value": " of ",
                                "position": {
                                    "start": {
                                        "line": 1,
                                        "column": 39,
                                        "offset": 38
                                    },
                                    "end": {
                                        "line": 1,
                                        "column": 43,
                                        "offset": 42
                                    },
                                    "indent": []
                                }
                            },
                            {
                                "type": "inlineCode",
                                "value": "source",
                                "position": {
                                    "start": {
                                        "line": 1,
                                        "column": 43,
                                        "offset": 42
                                    },
                                    "end": {
                                        "line": 1,
                                        "column": 51,
                                        "offset": 50
                                    },
                                    "indent": []
                                }
                            },
                            {
                                "type": "text",
                                "value": " and the event signals\nthat internal data has been received or changed. Possible values are ",
                                "position": {
                                    "start": {
                                        "line": 1,
                                        "column": 51,
                                        "offset": 50
                                    },
                                    "end": {
                                        "line": 2,
                                        "column": 70,
                                        "offset": 142
                                    },
                                    "indent": [
                                        1
                                    ]
                                }
                            },
                            {
                                "type": "inlineCode",
                                "value": "metadata",
                                "position": {
                                    "start": {
                                        "line": 2,
                                        "column": 70,
                                        "offset": 142
                                    },
                                    "end": {
                                        "line": 2,
                                        "column": 80,
                                        "offset": 152
                                    },
                                    "indent": []
                                }
                            },
                            {
                                "type": "text",
                                "value": " and ",
                                "position": {
                                    "start": {
                                        "line": 2,
                                        "column": 80,
                                        "offset": 152
                                    },
                                    "end": {
                                        "line": 2,
                                        "column": 85,
                                        "offset": 157
                                    },
                                    "indent": []
                                }
                            },
                            {
                                "type": "inlineCode",
                                "value": "content",
                                "position": {
                                    "start": {
                                        "line": 2,
                                        "column": 85,
                                        "offset": 157
                                    },
                                    "end": {
                                        "line": 2,
                                        "column": 94,
                                        "offset": 166
                                    },
                                    "indent": []
                                }
                            },
                            {
                                "type": "text",
                                "value": ".",
                                "position": {
                                    "start": {
                                        "line": 2,
                                        "column": 94,
                                        "offset": 166
                                    },
                                    "end": {
                                        "line": 2,
                                        "column": 95,
                                        "offset": 167
                                    },
                                    "indent": []
                                }
                            }
                        ],
                        "position": {
                            "start": {
                                "line": 1,
                                "column": 1,
                                "offset": 0
                            },
                            "end": {
                                "line": 2,
                                "column": 95,
                                "offset": 167
                            },
                            "indent": [
                                1
                            ]
                        }
                    }
                ],
                "position": {
                    "start": {
                        "line": 1,
                        "column": 1,
                        "offset": 0
                    },
                    "end": {
                        "line": 2,
                        "column": 95,
                        "offset": 167
                    }
                }
            },
            "type": {
                "type": "OptionalType",
                "expression": {
                    "type": "NameExpression",
                    "name": "string"
                }
            }
        },
        {
            "title": "property",
            "name": "tile",
            "lineNumber": 15,
            "description": {
                "type": "root",
                "children": [
                    {
                        "type": "paragraph",
                        "children": [
                            {
                                "type": "text",
                                "value": "The tile being loaded or changed, if the event has a ",
                                "position": {
                                    "start": {
                                        "line": 1,
                                        "column": 1,
                                        "offset": 0
                                    },
                                    "end": {
                                        "line": 1,
                                        "column": 54,
                                        "offset": 53
                                    },
                                    "indent": []
                                }
                            },
                            {
                                "type": "inlineCode",
                                "value": "dataType",
                                "position": {
                                    "start": {
                                        "line": 1,
                                        "column": 54,
                                        "offset": 53
                                    },
                                    "end": {
                                        "line": 1,
                                        "column": 64,
                                        "offset": 63
                                    },
                                    "indent": []
                                }
                            },
                            {
                                "type": "text",
                                "value": " of ",
                                "position": {
                                    "start": {
                                        "line": 1,
                                        "column": 64,
                                        "offset": 63
                                    },
                                    "end": {
                                        "line": 1,
                                        "column": 68,
                                        "offset": 67
                                    },
                                    "indent": []
                                }
                            },
                            {
                                "type": "inlineCode",
                                "value": "source",
                                "position": {
                                    "start": {
                                        "line": 1,
                                        "column": 68,
                                        "offset": 67
                                    },
                                    "end": {
                                        "line": 1,
                                        "column": 76,
                                        "offset": 75
                                    },
                                    "indent": []
                                }
                            },
                            {
                                "type": "text",
                                "value": " and\nthe event is related to loading of a tile.",
                                "position": {
                                    "start": {
                                        "line": 1,
                                        "column": 76,
                                        "offset": 75
                                    },
                                    "end": {
                                        "line": 2,
                                        "column": 43,
                                        "offset": 122
                                    },
                                    "indent": [
                                        1
                                    ]
                                }
                            }
                        ],
                        "position": {
                            "start": {
                                "line": 1,
                                "column": 1,
                                "offset": 0
                            },
                            "end": {
                                "line": 2,
                                "column": 43,
                                "offset": 122
                            },
                            "indent": [
                                1
                            ]
                        }
                    }
                ],
                "position": {
                    "start": {
                        "line": 1,
                        "column": 1,
                        "offset": 0
                    },
                    "end": {
                        "line": 2,
                        "column": 43,
                        "offset": 122
                    }
                }
            },
            "type": {
                "type": "OptionalType",
                "expression": {
                    "type": "NameExpression",
                    "name": "Object"
                }
            }
        },
        {
            "title": "property",
            "name": "coord",
            "lineNumber": 17,
            "description": {
                "type": "root",
                "children": [
                    {
                        "type": "paragraph",
                        "children": [
                            {
                                "type": "text",
                                "value": "The coordinate of the tile if the event has a ",
                                "position": {
                                    "start": {
                                        "line": 1,
                                        "column": 1,
                                        "offset": 0
                                    },
                                    "end": {
                                        "line": 1,
                                        "column": 47,
                                        "offset": 46
                                    },
                                    "indent": []
                                }
                            },
                            {
                                "type": "inlineCode",
                                "value": "dataType",
                                "position": {
                                    "start": {
                                        "line": 1,
                                        "column": 47,
                                        "offset": 46
                                    },
                                    "end": {
                                        "line": 1,
                                        "column": 57,
                                        "offset": 56
                                    },
                                    "indent": []
                                }
                            },
                            {
                                "type": "text",
                                "value": " of ",
                                "position": {
                                    "start": {
                                        "line": 1,
                                        "column": 57,
                                        "offset": 56
                                    },
                                    "end": {
                                        "line": 1,
                                        "column": 61,
                                        "offset": 60
                                    },
                                    "indent": []
                                }
                            },
                            {
                                "type": "inlineCode",
                                "value": "source",
                                "position": {
                                    "start": {
                                        "line": 1,
                                        "column": 61,
                                        "offset": 60
                                    },
                                    "end": {
                                        "line": 1,
                                        "column": 69,
                                        "offset": 68
                                    },
                                    "indent": []
                                }
                            },
                            {
                                "type": "text",
                                "value": " and\nthe event is related to loading of a tile.",
                                "position": {
                                    "start": {
                                        "line": 1,
                                        "column": 69,
                                        "offset": 68
                                    },
                                    "end": {
                                        "line": 2,
                                        "column": 43,
                                        "offset": 115
                                    },
                                    "indent": [
                                        1
                                    ]
                                }
                            }
                        ],
                        "position": {
                            "start": {
                                "line": 1,
                                "column": 1,
                                "offset": 0
                            },
                            "end": {
                                "line": 2,
                                "column": 43,
                                "offset": 115
                            },
                            "indent": [
                                1
                            ]
                        }
                    }
                ],
                "position": {
                    "start": {
                        "line": 1,
                        "column": 1,
                        "offset": 0
                    },
                    "end": {
                        "line": 2,
                        "column": 43,
                        "offset": 115
                    }
                }
            },
            "type": {
                "type": "OptionalType",
                "expression": {
                    "type": "NameExpression",
                    "name": "Coordinate"
                }
            }
        }
    ],
    "returns": [],
    "sees": [],
    "throws": [],
    "todos": [],
    "kind": "typedef",
    "name": "MapDataEvent",
    "type": {
        "type": "NameExpression",
        "name": "Object"
    },
    "path": [
        {
            "name": "MapDataEvent",
            "kind": "typedef"
        }
    ],
    "members": {
        "global": [],
        "inner": [],
        "instance": [],
        "events": [],
        "static": []
    },
    "namespace": "MapDataEvent"
}