{
    "description": {
        "type": "root",
        "children": [
            {
                "type": "paragraph",
                "children": [
                    {
                        "type": "inlineCode",
                        "value": "MapTouchEvent",
                        "position": {
                            "start": {
                                "line": 1,
                                "column": 1,
                                "offset": 0
                            },
                            "end": {
                                "line": 1,
                                "column": 16,
                                "offset": 15
                            },
                            "indent": []
                        }
                    },
                    {
                        "type": "text",
                        "value": " is the event type for touch-related map events.",
                        "position": {
                            "start": {
                                "line": 1,
                                "column": 16,
                                "offset": 15
                            },
                            "end": {
                                "line": 1,
                                "column": 64,
                                "offset": 63
                            },
                            "indent": []
                        }
                    }
                ],
                "position": {
                    "start": {
                        "line": 1,
                        "column": 1,
                        "offset": 0
                    },
                    "end": {
                        "line": 1,
                        "column": 64,
                        "offset": 63
                    },
                    "indent": []
                }
            }
        ],
        "position": {
            "start": {
                "line": 1,
                "column": 1,
                "offset": 0
            },
            "end": {
                "line": 1,
                "column": 64,
                "offset": 63
            }
        }
    },
    "tags": [
        {
            "title": "extends",
            "description": null,
            "lineNumber": 2,
            "type": {
                "type": "NameExpression",
                "name": "Object"
            },
            "name": "Object"
        }
    ],
    "loc": {
        "start": {
            "line": 87,
            "column": 0
        },
        "end": {
            "line": 90,
            "column": 3
        }
    },
    "context": {
        "loc": {
            "start": {
                "line": 91,
                "column": 0
            },
            "end": {
                "line": 167,
                "column": 1
            }
        },
        "file": "/Users/mapboxchina/projects/mapbox-gl-js/src/ui/events.js",
        "github": {
            "url": "https://git@github.com/:mapbox/mapbox-gl-js/blob/43037cd3064d8900cdbf34eaf225053e12da17c1/src/ui/events.js#L91-L167",
            "path": "src/ui/events.js"
        }
    },
    "augments": [
        {
            "title": "extends",
            "description": null,
            "lineNumber": 2,
            "type": {
                "type": "NameExpression",
                "name": "Object"
            },
            "name": "Object"
        }
    ],
    "examples": [],
    "params": [
        {
            "title": "param",
            "name": "type",
            "lineNumber": 157,
            "type": {
                "type": "NameExpression",
                "name": "string"
            }
        },
        {
            "title": "param",
            "name": "map",
            "lineNumber": 157,
            "type": {
                "type": "NameExpression",
                "name": "Map"
            }
        },
        {
            "title": "param",
            "name": "originalEvent",
            "lineNumber": 157,
            "type": {
                "type": "NameExpression",
                "name": "TouchEvent"
            }
        }
    ],
    "properties": [],
    "returns": [],
    "sees": [],
    "throws": [],
    "todos": [],
    "constructorComment": {
        "description": "",
        "tags": [
            {
                "title": "private",
                "description": null,
                "lineNumber": 1
            }
        ],
        "loc": {
            "start": {
                "line": 154,
                "column": 4
            },
            "end": {
                "line": 156,
                "column": 7
            }
        },
        "context": {
            "loc": {
                "start": {
                    "line": 157,
                    "column": 4
                },
                "end": {
                    "line": 166,
                    "column": 5
                }
            },
            "file": "/Users/mapboxchina/projects/mapbox-gl-js/src/ui/events.js",
            "sortKey": "!/Users/mapboxchina/projects/mapbox-gl-js/src/index.js:00000003!/Users/mapboxchina/projects/mapbox-gl-js/src/ui/map.js:00000021!/Users/mapboxchina/projects/mapbox-gl-js/src/ui/events.js 00000157",
            "code": "{\n    /**\n     * The event type.\n     */\n    type: 'touchstart'\n        | 'touchend'\n        | 'touchcancel';\n\n    /**\n     * The `Map` object that fired the event.\n     */\n    target: Map;\n\n    /**\n     * The DOM event which caused the map event.\n     */\n    originalEvent: TouchEvent;\n\n    /**\n     * The geographic location on the map of the center of the touch event points.\n     */\n    lngLat: LngLat;\n\n    /**\n     * The pixel coordinates of the center of the touch event points, relative to the map and measured from the top left\n     * corner.\n     */\n    point: Point;\n\n    /**\n     * The array of pixel coordinates corresponding to a\n     * [touch event's `touches`](https://developer.mozilla.org/en-US/docs/Web/API/TouchEvent/touches) property.\n     */\n    points: Array<Point>;\n\n    /**\n     * The geographical locations on the map corresponding to a\n     * [touch event's `touches`](https://developer.mozilla.org/en-US/docs/Web/API/TouchEvent/touches) property.\n     */\n    lngLats: Array<LngLat>;\n\n    /**\n     * Prevents subsequent default processing of the event by the map.\n     *\n     * Calling this method will prevent the following default map behaviors:\n     *\n     *   * On `touchstart` events, the behavior of {@link DragPanHandler}\n     *   * On `touchstart` events, the behavior of {@link TouchZoomRotateHandler}\n     *\n     */\n    preventDefault() {\n        this._defaultPrevented = true;\n    }\n\n    /**\n     * `true` if `preventDefault` has been called.\n     */\n    get defaultPrevented(): boolean {\n        return this._defaultPrevented;\n    }\n\n    _defaultPrevented: boolean;\n\n    /**\n     * @private\n     */\n    constructor(type: string, map: Map, originalEvent: TouchEvent) {\n        const points = DOM.touchPos(map.getCanvasContainer(), originalEvent);\n        const lngLats = points.map((t) => map.unproject(t));\n        const point = points.reduce((prev, curr, i, arr) => {\n            return prev.add(curr.div(arr.length));\n        }, new Point(0, 0));\n        const lngLat = map.unproject(point);\n        super(type, { points, point, lngLats, lngLat, originalEvent });\n        this._defaultPrevented = false;\n    }\n}"
        },
        "augments": [],
        "errors": [],
        "examples": [],
        "params": [],
        "properties": [],
        "returns": [],
        "sees": [],
        "throws": [],
        "todos": [],
        "access": "private"
    },
    "name": "MapTouchEvent",
    "kind": "class",
    "path": [
        {
            "name": "MapTouchEvent",
            "kind": "class"
        }
    ],
    "members": {
        "global": [],
        "inner": [],
        "instance": [
            {
                "description": {
                    "type": "root",
                    "children": [
                        {
                            "type": "paragraph",
                            "children": [
                                {
                                    "type": "text",
                                    "value": "The event type.",
                                    "position": {
                                        "start": {
                                            "line": 1,
                                            "column": 1,
                                            "offset": 0
                                        },
                                        "end": {
                                            "line": 1,
                                            "column": 16,
                                            "offset": 15
                                        },
                                        "indent": []
                                    }
                                }
                            ],
                            "position": {
                                "start": {
                                    "line": 1,
                                    "column": 1,
                                    "offset": 0
                                },
                                "end": {
                                    "line": 1,
                                    "column": 16,
                                    "offset": 15
                                },
                                "indent": []
                            }
                        }
                    ],
                    "position": {
                        "start": {
                            "line": 1,
                            "column": 1,
                            "offset": 0
                        },
                        "end": {
                            "line": 1,
                            "column": 16,
                            "offset": 15
                        }
                    }
                },
                "tags": [],
                "loc": {
                    "start": {
                        "line": 92,
                        "column": 4
                    },
                    "end": {
                        "line": 94,
                        "column": 7
                    }
                },
                "context": {
                    "loc": {
                        "start": {
                            "line": 95,
                            "column": 4
                        },
                        "end": {
                            "line": 97,
                            "column": 24
                        }
                    },
                    "file": "/Users/mapboxchina/projects/mapbox-gl-js/src/ui/events.js",
                    "github": {
                        "url": "https://git@github.com/:mapbox/mapbox-gl-js/blob/43037cd3064d8900cdbf34eaf225053e12da17c1/src/ui/events.js#L95-L97",
                        "path": "src/ui/events.js"
                    }
                },
                "augments": [],
                "examples": [],
                "params": [],
                "properties": [],
                "returns": [],
                "sees": [],
                "throws": [],
                "todos": [],
                "name": "type",
                "kind": "member",
                "memberof": "MapTouchEvent",
                "scope": "instance",
                "type": {
                    "type": "UnionType",
                    "elements": [
                        {
                            "type": "StringLiteralType",
                            "value": "touchstart"
                        },
                        {
                            "type": "StringLiteralType",
                            "value": "touchend"
                        },
                        {
                            "type": "StringLiteralType",
                            "value": "touchcancel"
                        }
                    ]
                },
                "members": {
                    "global": [],
                    "inner": [],
                    "instance": [],
                    "events": [],
                    "static": []
                },
                "path": [
                    {
                        "name": "MapTouchEvent",
                        "kind": "class"
                    },
                    {
                        "name": "type",
                        "kind": "member",
                        "scope": "instance"
                    }
                ],
                "namespace": "MapTouchEvent#type"
            },
            {
                "description": {
                    "type": "root",
                    "children": [
                        {
                            "type": "paragraph",
                            "children": [
                                {
                                    "type": "text",
                                    "value": "The ",
                                    "position": {
                                        "start": {
                                            "line": 1,
                                            "column": 1,
                                            "offset": 0
                                        },
                                        "end": {
                                            "line": 1,
                                            "column": 5,
                                            "offset": 4
                                        },
                                        "indent": []
                                    }
                                },
                                {
                                    "type": "inlineCode",
                                    "value": "Map",
                                    "position": {
                                        "start": {
                                            "line": 1,
                                            "column": 5,
                                            "offset": 4
                                        },
                                        "end": {
                                            "line": 1,
                                            "column": 10,
                                            "offset": 9
                                        },
                                        "indent": []
                                    }
                                },
                                {
                                    "type": "text",
                                    "value": " object that fired the event.",
                                    "position": {
                                        "start": {
                                            "line": 1,
                                            "column": 10,
                                            "offset": 9
                                        },
                                        "end": {
                                            "line": 1,
                                            "column": 39,
                                            "offset": 38
                                        },
                                        "indent": []
                                    }
                                }
                            ],
                            "position": {
                                "start": {
                                    "line": 1,
                                    "column": 1,
                                    "offset": 0
                                },
                                "end": {
                                    "line": 1,
                                    "column": 39,
                                    "offset": 38
                                },
                                "indent": []
                            }
                        }
                    ],
                    "position": {
                        "start": {
                            "line": 1,
                            "column": 1,
                            "offset": 0
                        },
                        "end": {
                            "line": 1,
                            "column": 39,
                            "offset": 38
                        }
                    }
                },
                "tags": [],
                "loc": {
                    "start": {
                        "line": 99,
                        "column": 4
                    },
                    "end": {
                        "line": 101,
                        "column": 7
                    }
                },
                "context": {
                    "loc": {
                        "start": {
                            "line": 102,
                            "column": 4
                        },
                        "end": {
                            "line": 102,
                            "column": 16
                        }
                    },
                    "file": "/Users/mapboxchina/projects/mapbox-gl-js/src/ui/events.js",
                    "github": {
                        "url": "https://git@github.com/:mapbox/mapbox-gl-js/blob/43037cd3064d8900cdbf34eaf225053e12da17c1/src/ui/events.js#L102-L102",
                        "path": "src/ui/events.js"
                    }
                },
                "augments": [],
                "examples": [],
                "params": [],
                "properties": [],
                "returns": [],
                "sees": [],
                "throws": [],
                "todos": [],
                "name": "target",
                "kind": "member",
                "memberof": "MapTouchEvent",
                "scope": "instance",
                "type": {
                    "type": "NameExpression",
                    "name": "Map"
                },
                "members": {
                    "global": [],
                    "inner": [],
                    "instance": [],
                    "events": [],
                    "static": []
                },
                "path": [
                    {
                        "name": "MapTouchEvent",
                        "kind": "class"
                    },
                    {
                        "name": "target",
                        "kind": "member",
                        "scope": "instance"
                    }
                ],
                "namespace": "MapTouchEvent#target"
            },
            {
                "description": {
                    "type": "root",
                    "children": [
                        {
                            "type": "paragraph",
                            "children": [
                                {
                                    "type": "text",
                                    "value": "The DOM event which caused the map event.",
                                    "position": {
                                        "start": {
                                            "line": 1,
                                            "column": 1,
                                            "offset": 0
                                        },
                                        "end": {
                                            "line": 1,
                                            "column": 42,
                                            "offset": 41
                                        },
                                        "indent": []
                                    }
                                }
                            ],
                            "position": {
                                "start": {
                                    "line": 1,
                                    "column": 1,
                                    "offset": 0
                                },
                                "end": {
                                    "line": 1,
                                    "column": 42,
                                    "offset": 41
                                },
                                "indent": []
                            }
                        }
                    ],
                    "position": {
                        "start": {
                            "line": 1,
                            "column": 1,
                            "offset": 0
                        },
                        "end": {
                            "line": 1,
                            "column": 42,
                            "offset": 41
                        }
                    }
                },
                "tags": [],
                "loc": {
                    "start": {
                        "line": 104,
                        "column": 4
                    },
                    "end": {
                        "line": 106,
                        "column": 7
                    }
                },
                "context": {
                    "loc": {
                        "start": {
                            "line": 107,
                            "column": 4
                        },
                        "end": {
                            "line": 107,
                            "column": 30
                        }
                    },
                    "file": "/Users/mapboxchina/projects/mapbox-gl-js/src/ui/events.js",
                    "github": {
                        "url": "https://git@github.com/:mapbox/mapbox-gl-js/blob/43037cd3064d8900cdbf34eaf225053e12da17c1/src/ui/events.js#L107-L107",
                        "path": "src/ui/events.js"
                    }
                },
                "augments": [],
                "examples": [],
                "params": [],
                "properties": [],
                "returns": [],
                "sees": [],
                "throws": [],
                "todos": [],
                "name": "originalEvent",
                "kind": "member",
                "memberof": "MapTouchEvent",
                "scope": "instance",
                "type": {
                    "type": "NameExpression",
                    "name": "TouchEvent"
                },
                "members": {
                    "global": [],
                    "inner": [],
                    "instance": [],
                    "events": [],
                    "static": []
                },
                "path": [
                    {
                        "name": "MapTouchEvent",
                        "kind": "class"
                    },
                    {
                        "name": "originalEvent",
                        "kind": "member",
                        "scope": "instance"
                    }
                ],
                "namespace": "MapTouchEvent#originalEvent"
            },
            {
                "description": {
                    "type": "root",
                    "children": [
                        {
                            "type": "paragraph",
                            "children": [
                                {
                                    "type": "text",
                                    "value": "The geographic location on the map of the center of the touch event points.",
                                    "position": {
                                        "start": {
                                            "line": 1,
                                            "column": 1,
                                            "offset": 0
                                        },
                                        "end": {
                                            "line": 1,
                                            "column": 76,
                                            "offset": 75
                                        },
                                        "indent": []
                                    }
                                }
                            ],
                            "position": {
                                "start": {
                                    "line": 1,
                                    "column": 1,
                                    "offset": 0
                                },
                                "end": {
                                    "line": 1,
                                    "column": 76,
                                    "offset": 75
                                },
                                "indent": []
                            }
                        }
                    ],
                    "position": {
                        "start": {
                            "line": 1,
                            "column": 1,
                            "offset": 0
                        },
                        "end": {
                            "line": 1,
                            "column": 76,
                            "offset": 75
                        }
                    }
                },
                "tags": [],
                "loc": {
                    "start": {
                        "line": 109,
                        "column": 4
                    },
                    "end": {
                        "line": 111,
                        "column": 7
                    }
                },
                "context": {
                    "loc": {
                        "start": {
                            "line": 112,
                            "column": 4
                        },
                        "end": {
                            "line": 112,
                            "column": 19
                        }
                    },
                    "file": "/Users/mapboxchina/projects/mapbox-gl-js/src/ui/events.js",
                    "github": {
                        "url": "https://git@github.com/:mapbox/mapbox-gl-js/blob/43037cd3064d8900cdbf34eaf225053e12da17c1/src/ui/events.js#L112-L112",
                        "path": "src/ui/events.js"
                    }
                },
                "augments": [],
                "examples": [],
                "params": [],
                "properties": [],
                "returns": [],
                "sees": [],
                "throws": [],
                "todos": [],
                "name": "lngLat",
                "kind": "member",
                "memberof": "MapTouchEvent",
                "scope": "instance",
                "type": {
                    "type": "NameExpression",
                    "name": "LngLat"
                },
                "members": {
                    "global": [],
                    "inner": [],
                    "instance": [],
                    "events": [],
                    "static": []
                },
                "path": [
                    {
                        "name": "MapTouchEvent",
                        "kind": "class"
                    },
                    {
                        "name": "lngLat",
                        "kind": "member",
                        "scope": "instance"
                    }
                ],
                "namespace": "MapTouchEvent#lngLat"
            },
            {
                "description": {
                    "type": "root",
                    "children": [
                        {
                            "type": "paragraph",
                            "children": [
                                {
                                    "type": "text",
                                    "value": "The pixel coordinates of the center of the touch event points, relative to the map and measured from the top left\ncorner.",
                                    "position": {
                                        "start": {
                                            "line": 1,
                                            "column": 1,
                                            "offset": 0
                                        },
                                        "end": {
                                            "line": 2,
                                            "column": 8,
                                            "offset": 121
                                        },
                                        "indent": [
                                            1
                                        ]
                                    }
                                }
                            ],
                            "position": {
                                "start": {
                                    "line": 1,
                                    "column": 1,
                                    "offset": 0
                                },
                                "end": {
                                    "line": 2,
                                    "column": 8,
                                    "offset": 121
                                },
                                "indent": [
                                    1
                                ]
                            }
                        }
                    ],
                    "position": {
                        "start": {
                            "line": 1,
                            "column": 1,
                            "offset": 0
                        },
                        "end": {
                            "line": 2,
                            "column": 8,
                            "offset": 121
                        }
                    }
                },
                "tags": [],
                "loc": {
                    "start": {
                        "line": 114,
                        "column": 4
                    },
                    "end": {
                        "line": 117,
                        "column": 7
                    }
                },
                "context": {
                    "loc": {
                        "start": {
                            "line": 118,
                            "column": 4
                        },
                        "end": {
                            "line": 118,
                            "column": 17
                        }
                    },
                    "file": "/Users/mapboxchina/projects/mapbox-gl-js/src/ui/events.js",
                    "github": {
                        "url": "https://git@github.com/:mapbox/mapbox-gl-js/blob/43037cd3064d8900cdbf34eaf225053e12da17c1/src/ui/events.js#L118-L118",
                        "path": "src/ui/events.js"
                    }
                },
                "augments": [],
                "examples": [],
                "params": [],
                "properties": [],
                "returns": [],
                "sees": [],
                "throws": [],
                "todos": [],
                "name": "point",
                "kind": "member",
                "memberof": "MapTouchEvent",
                "scope": "instance",
                "type": {
                    "type": "NameExpression",
                    "name": "Point"
                },
                "members": {
                    "global": [],
                    "inner": [],
                    "instance": [],
                    "events": [],
                    "static": []
                },
                "path": [
                    {
                        "name": "MapTouchEvent",
                        "kind": "class"
                    },
                    {
                        "name": "point",
                        "kind": "member",
                        "scope": "instance"
                    }
                ],
                "namespace": "MapTouchEvent#point"
            },
            {
                "description": {
                    "type": "root",
                    "children": [
                        {
                            "type": "paragraph",
                            "children": [
                                {
                                    "type": "text",
                                    "value": "The array of pixel coordinates corresponding to a\n",
                                    "position": {
                                        "start": {
                                            "line": 1,
                                            "column": 1,
                                            "offset": 0
                                        },
                                        "end": {
                                            "line": 2,
                                            "column": 1,
                                            "offset": 50
                                        },
                                        "indent": [
                                            1
                                        ]
                                    }
                                },
                                {
                                    "type": "link",
                                    "title": null,
                                    "url": "https://developer.mozilla.org/en-US/docs/Web/API/TouchEvent/touches",
                                    "children": [
                                        {
                                            "type": "text",
                                            "value": "touch event's ",
                                            "position": {
                                                "start": {
                                                    "line": 2,
                                                    "column": 2,
                                                    "offset": 51
                                                },
                                                "end": {
                                                    "line": 2,
                                                    "column": 16,
                                                    "offset": 65
                                                },
                                                "indent": []
                                            }
                                        },
                                        {
                                            "type": "inlineCode",
                                            "value": "touches",
                                            "position": {
                                                "start": {
                                                    "line": 2,
                                                    "column": 16,
                                                    "offset": 65
                                                },
                                                "end": {
                                                    "line": 2,
                                                    "column": 25,
                                                    "offset": 74
                                                },
                                                "indent": []
                                            }
                                        }
                                    ],
                                    "position": {
                                        "start": {
                                            "line": 2,
                                            "column": 1,
                                            "offset": 50
                                        },
                                        "end": {
                                            "line": 2,
                                            "column": 95,
                                            "offset": 144
                                        },
                                        "indent": []
                                    }
                                },
                                {
                                    "type": "text",
                                    "value": " property.",
                                    "position": {
                                        "start": {
                                            "line": 2,
                                            "column": 95,
                                            "offset": 144
                                        },
                                        "end": {
                                            "line": 2,
                                            "column": 105,
                                            "offset": 154
                                        },
                                        "indent": []
                                    }
                                }
                            ],
                            "position": {
                                "start": {
                                    "line": 1,
                                    "column": 1,
                                    "offset": 0
                                },
                                "end": {
                                    "line": 2,
                                    "column": 105,
                                    "offset": 154
                                },
                                "indent": [
                                    1
                                ]
                            }
                        }
                    ],
                    "position": {
                        "start": {
                            "line": 1,
                            "column": 1,
                            "offset": 0
                        },
                        "end": {
                            "line": 2,
                            "column": 105,
                            "offset": 154
                        }
                    }
                },
                "tags": [],
                "loc": {
                    "start": {
                        "line": 120,
                        "column": 4
                    },
                    "end": {
                        "line": 123,
                        "column": 7
                    }
                },
                "context": {
                    "loc": {
                        "start": {
                            "line": 124,
                            "column": 4
                        },
                        "end": {
                            "line": 124,
                            "column": 25
                        }
                    },
                    "file": "/Users/mapboxchina/projects/mapbox-gl-js/src/ui/events.js",
                    "github": {
                        "url": "https://git@github.com/:mapbox/mapbox-gl-js/blob/43037cd3064d8900cdbf34eaf225053e12da17c1/src/ui/events.js#L124-L124",
                        "path": "src/ui/events.js"
                    }
                },
                "augments": [],
                "examples": [],
                "params": [],
                "properties": [],
                "returns": [],
                "sees": [],
                "throws": [],
                "todos": [],
                "name": "points",
                "kind": "member",
                "memberof": "MapTouchEvent",
                "scope": "instance",
                "type": {
                    "type": "TypeApplication",
                    "expression": {
                        "type": "NameExpression",
                        "name": "Array"
                    },
                    "applications": [
                        {
                            "type": "NameExpression",
                            "name": "Point"
                        }
                    ]
                },
                "members": {
                    "global": [],
                    "inner": [],
                    "instance": [],
                    "events": [],
                    "static": []
                },
                "path": [
                    {
                        "name": "MapTouchEvent",
                        "kind": "class"
                    },
                    {
                        "name": "points",
                        "kind": "member",
                        "scope": "instance"
                    }
                ],
                "namespace": "MapTouchEvent#points"
            },
            {
                "description": {
                    "type": "root",
                    "children": [
                        {
                            "type": "paragraph",
                            "children": [
                                {
                                    "type": "text",
                                    "value": "The geographical locations on the map corresponding to a\n",
                                    "position": {
                                        "start": {
                                            "line": 1,
                                            "column": 1,
                                            "offset": 0
                                        },
                                        "end": {
                                            "line": 2,
                                            "column": 1,
                                            "offset": 57
                                        },
                                        "indent": [
                                            1
                                        ]
                                    }
                                },
                                {
                                    "type": "link",
                                    "title": null,
                                    "url": "https://developer.mozilla.org/en-US/docs/Web/API/TouchEvent/touches",
                                    "children": [
                                        {
                                            "type": "text",
                                            "value": "touch event's ",
                                            "position": {
                                                "start": {
                                                    "line": 2,
                                                    "column": 2,
                                                    "offset": 58
                                                },
                                                "end": {
                                                    "line": 2,
                                                    "column": 16,
                                                    "offset": 72
                                                },
                                                "indent": []
                                            }
                                        },
                                        {
                                            "type": "inlineCode",
                                            "value": "touches",
                                            "position": {
                                                "start": {
                                                    "line": 2,
                                                    "column": 16,
                                                    "offset": 72
                                                },
                                                "end": {
                                                    "line": 2,
                                                    "column": 25,
                                                    "offset": 81
                                                },
                                                "indent": []
                                            }
                                        }
                                    ],
                                    "position": {
                                        "start": {
                                            "line": 2,
                                            "column": 1,
                                            "offset": 57
                                        },
                                        "end": {
                                            "line": 2,
                                            "column": 95,
                                            "offset": 151
                                        },
                                        "indent": []
                                    }
                                },
                                {
                                    "type": "text",
                                    "value": " property.",
                                    "position": {
                                        "start": {
                                            "line": 2,
                                            "column": 95,
                                            "offset": 151
                                        },
                                        "end": {
                                            "line": 2,
                                            "column": 105,
                                            "offset": 161
                                        },
                                        "indent": []
                                    }
                                }
                            ],
                            "position": {
                                "start": {
                                    "line": 1,
                                    "column": 1,
                                    "offset": 0
                                },
                                "end": {
                                    "line": 2,
                                    "column": 105,
                                    "offset": 161
                                },
                                "indent": [
                                    1
                                ]
                            }
                        }
                    ],
                    "position": {
                        "start": {
                            "line": 1,
                            "column": 1,
                            "offset": 0
                        },
                        "end": {
                            "line": 2,
                            "column": 105,
                            "offset": 161
                        }
                    }
                },
                "tags": [],
                "loc": {
                    "start": {
                        "line": 126,
                        "column": 4
                    },
                    "end": {
                        "line": 129,
                        "column": 7
                    }
                },
                "context": {
                    "loc": {
                        "start": {
                            "line": 130,
                            "column": 4
                        },
                        "end": {
                            "line": 130,
                            "column": 27
                        }
                    },
                    "file": "/Users/mapboxchina/projects/mapbox-gl-js/src/ui/events.js",
                    "github": {
                        "url": "https://git@github.com/:mapbox/mapbox-gl-js/blob/43037cd3064d8900cdbf34eaf225053e12da17c1/src/ui/events.js#L130-L130",
                        "path": "src/ui/events.js"
                    }
                },
                "augments": [],
                "examples": [],
                "params": [],
                "properties": [],
                "returns": [],
                "sees": [],
                "throws": [],
                "todos": [],
                "name": "lngLats",
                "kind": "member",
                "memberof": "MapTouchEvent",
                "scope": "instance",
                "type": {
                    "type": "TypeApplication",
                    "expression": {
                        "type": "NameExpression",
                        "name": "Array"
                    },
                    "applications": [
                        {
                            "type": "NameExpression",
                            "name": "LngLat"
                        }
                    ]
                },
                "members": {
                    "global": [],
                    "inner": [],
                    "instance": [],
                    "events": [],
                    "static": []
                },
                "path": [
                    {
                        "name": "MapTouchEvent",
                        "kind": "class"
                    },
                    {
                        "name": "lngLats",
                        "kind": "member",
                        "scope": "instance"
                    }
                ],
                "namespace": "MapTouchEvent#lngLats"
            },
            {
                "description": {
                    "type": "root",
                    "children": [
                        {
                            "type": "paragraph",
                            "children": [
                                {
                                    "type": "text",
                                    "value": "Prevents subsequent default processing of the event by the map.",
                                    "position": {
                                        "start": {
                                            "line": 1,
                                            "column": 1,
                                            "offset": 0
                                        },
                                        "end": {
                                            "line": 1,
                                            "column": 64,
                                            "offset": 63
                                        },
                                        "indent": []
                                    }
                                }
                            ],
                            "position": {
                                "start": {
                                    "line": 1,
                                    "column": 1,
                                    "offset": 0
                                },
                                "end": {
                                    "line": 1,
                                    "column": 64,
                                    "offset": 63
                                },
                                "indent": []
                            }
                        },
                        {
                            "type": "paragraph",
                            "children": [
                                {
                                    "type": "text",
                                    "value": "Calling this method will prevent the following default map behaviors:",
                                    "position": {
                                        "start": {
                                            "line": 3,
                                            "column": 1,
                                            "offset": 65
                                        },
                                        "end": {
                                            "line": 3,
                                            "column": 70,
                                            "offset": 134
                                        },
                                        "indent": []
                                    }
                                }
                            ],
                            "position": {
                                "start": {
                                    "line": 3,
                                    "column": 1,
                                    "offset": 65
                                },
                                "end": {
                                    "line": 3,
                                    "column": 70,
                                    "offset": 134
                                },
                                "indent": []
                            }
                        },
                        {
                            "type": "list",
                            "ordered": false,
                            "start": null,
                            "loose": false,
                            "children": [
                                {
                                    "type": "listItem",
                                    "loose": false,
                                    "checked": null,
                                    "children": [
                                        {
                                            "type": "paragraph",
                                            "children": [
                                                {
                                                    "type": "text",
                                                    "value": "On ",
                                                    "position": {
                                                        "start": {
                                                            "line": 5,
                                                            "column": 5,
                                                            "offset": 140
                                                        },
                                                        "end": {
                                                            "line": 5,
                                                            "column": 8,
                                                            "offset": 143
                                                        },
                                                        "indent": []
                                                    }
                                                },
                                                {
                                                    "type": "inlineCode",
                                                    "value": "touchstart",
                                                    "position": {
                                                        "start": {
                                                            "line": 5,
                                                            "column": 8,
                                                            "offset": 143
                                                        },
                                                        "end": {
                                                            "line": 5,
                                                            "column": 20,
                                                            "offset": 155
                                                        },
                                                        "indent": []
                                                    }
                                                },
                                                {
                                                    "type": "text",
                                                    "value": " events, the behavior of ",
                                                    "position": {
                                                        "start": {
                                                            "line": 5,
                                                            "column": 20,
                                                            "offset": 155
                                                        },
                                                        "end": {
                                                            "line": 5,
                                                            "column": 45,
                                                            "offset": 180
                                                        },
                                                        "indent": []
                                                    }
                                                },
                                                {
                                                    "type": "link",
                                                    "url": "DragPanHandler",
                                                    "title": null,
                                                    "jsdoc": true,
                                                    "children": [
                                                        {
                                                            "type": "text",
                                                            "value": "DragPanHandler"
                                                        }
                                                    ],
                                                    "position": {
                                                        "start": {
                                                            "line": 5,
                                                            "column": 45,
                                                            "offset": 180
                                                        },
                                                        "end": {
                                                            "line": 5,
                                                            "column": 67,
                                                            "offset": 202
                                                        },
                                                        "indent": []
                                                    }
                                                }
                                            ],
                                            "position": {
                                                "start": {
                                                    "line": 5,
                                                    "column": 5,
                                                    "offset": 140
                                                },
                                                "end": {
                                                    "line": 5,
                                                    "column": 67,
                                                    "offset": 202
                                                },
                                                "indent": []
                                            }
                                        }
                                    ],
                                    "position": {
                                        "start": {
                                            "line": 5,
                                            "column": 1,
                                            "offset": 136
                                        },
                                        "end": {
                                            "line": 5,
                                            "column": 67,
                                            "offset": 202
                                        },
                                        "indent": []
                                    }
                                },
                                {
                                    "type": "listItem",
                                    "loose": false,
                                    "checked": null,
                                    "children": [
                                        {
                                            "type": "paragraph",
                                            "children": [
                                                {
                                                    "type": "text",
                                                    "value": "On ",
                                                    "position": {
                                                        "start": {
                                                            "line": 6,
                                                            "column": 5,
                                                            "offset": 207
                                                        },
                                                        "end": {
                                                            "line": 6,
                                                            "column": 8,
                                                            "offset": 210
                                                        },
                                                        "indent": []
                                                    }
                                                },
                                                {
                                                    "type": "inlineCode",
                                                    "value": "touchstart",
                                                    "position": {
                                                        "start": {
                                                            "line": 6,
                                                            "column": 8,
                                                            "offset": 210
                                                        },
                                                        "end": {
                                                            "line": 6,
                                                            "column": 20,
                                                            "offset": 222
                                                        },
                                                        "indent": []
                                                    }
                                                },
                                                {
                                                    "type": "text",
                                                    "value": " events, the behavior of ",
                                                    "position": {
                                                        "start": {
                                                            "line": 6,
                                                            "column": 20,
                                                            "offset": 222
                                                        },
                                                        "end": {
                                                            "line": 6,
                                                            "column": 45,
                                                            "offset": 247
                                                        },
                                                        "indent": []
                                                    }
                                                },
                                                {
                                                    "type": "link",
                                                    "url": "TouchZoomRotateHandler",
                                                    "title": null,
                                                    "jsdoc": true,
                                                    "children": [
                                                        {
                                                            "type": "text",
                                                            "value": "TouchZoomRotateHandler"
                                                        }
                                                    ],
                                                    "position": {
                                                        "start": {
                                                            "line": 6,
                                                            "column": 45,
                                                            "offset": 247
                                                        },
                                                        "end": {
                                                            "line": 6,
                                                            "column": 75,
                                                            "offset": 277
                                                        },
                                                        "indent": []
                                                    }
                                                }
                                            ],
                                            "position": {
                                                "start": {
                                                    "line": 6,
                                                    "column": 5,
                                                    "offset": 207
                                                },
                                                "end": {
                                                    "line": 6,
                                                    "column": 75,
                                                    "offset": 277
                                                },
                                                "indent": []
                                            }
                                        }
                                    ],
                                    "position": {
                                        "start": {
                                            "line": 6,
                                            "column": 1,
                                            "offset": 203
                                        },
                                        "end": {
                                            "line": 6,
                                            "column": 75,
                                            "offset": 277
                                        },
                                        "indent": []
                                    }
                                }
                            ],
                            "position": {
                                "start": {
                                    "line": 5,
                                    "column": 1,
                                    "offset": 136
                                },
                                "end": {
                                    "line": 6,
                                    "column": 75,
                                    "offset": 277
                                },
                                "indent": [
                                    1
                                ]
                            }
                        }
                    ],
                    "position": {
                        "start": {
                            "line": 1,
                            "column": 1,
                            "offset": 0
                        },
                        "end": {
                            "line": 6,
                            "column": 75,
                            "offset": 277
                        }
                    }
                },
                "tags": [],
                "loc": {
                    "start": {
                        "line": 132,
                        "column": 4
                    },
                    "end": {
                        "line": 140,
                        "column": 7
                    }
                },
                "context": {
                    "loc": {
                        "start": {
                            "line": 141,
                            "column": 4
                        },
                        "end": {
                            "line": 143,
                            "column": 5
                        }
                    },
                    "file": "/Users/mapboxchina/projects/mapbox-gl-js/src/ui/events.js",
                    "github": {
                        "url": "https://git@github.com/:mapbox/mapbox-gl-js/blob/43037cd3064d8900cdbf34eaf225053e12da17c1/src/ui/events.js#L141-L143",
                        "path": "src/ui/events.js"
                    }
                },
                "augments": [],
                "examples": [],
                "params": [],
                "properties": [],
                "returns": [],
                "sees": [],
                "throws": [],
                "todos": [],
                "name": "preventDefault",
                "kind": "function",
                "memberof": "MapTouchEvent",
                "scope": "instance",
                "members": {
                    "global": [],
                    "inner": [],
                    "instance": [],
                    "events": [],
                    "static": []
                },
                "path": [
                    {
                        "name": "MapTouchEvent",
                        "kind": "class"
                    },
                    {
                        "name": "preventDefault",
                        "kind": "function",
                        "scope": "instance"
                    }
                ],
                "namespace": "MapTouchEvent#preventDefault"
            },
            {
                "description": {
                    "type": "root",
                    "children": [
                        {
                            "type": "paragraph",
                            "children": [
                                {
                                    "type": "inlineCode",
                                    "value": "true",
                                    "position": {
                                        "start": {
                                            "line": 1,
                                            "column": 1,
                                            "offset": 0
                                        },
                                        "end": {
                                            "line": 1,
                                            "column": 7,
                                            "offset": 6
                                        },
                                        "indent": []
                                    }
                                },
                                {
                                    "type": "text",
                                    "value": " if ",
                                    "position": {
                                        "start": {
                                            "line": 1,
                                            "column": 7,
                                            "offset": 6
                                        },
                                        "end": {
                                            "line": 1,
                                            "column": 11,
                                            "offset": 10
                                        },
                                        "indent": []
                                    }
                                },
                                {
                                    "type": "inlineCode",
                                    "value": "preventDefault",
                                    "position": {
                                        "start": {
                                            "line": 1,
                                            "column": 11,
                                            "offset": 10
                                        },
                                        "end": {
                                            "line": 1,
                                            "column": 27,
                                            "offset": 26
                                        },
                                        "indent": []
                                    }
                                },
                                {
                                    "type": "text",
                                    "value": " has been called.",
                                    "position": {
                                        "start": {
                                            "line": 1,
                                            "column": 27,
                                            "offset": 26
                                        },
                                        "end": {
                                            "line": 1,
                                            "column": 44,
                                            "offset": 43
                                        },
                                        "indent": []
                                    }
                                }
                            ],
                            "position": {
                                "start": {
                                    "line": 1,
                                    "column": 1,
                                    "offset": 0
                                },
                                "end": {
                                    "line": 1,
                                    "column": 44,
                                    "offset": 43
                                },
                                "indent": []
                            }
                        }
                    ],
                    "position": {
                        "start": {
                            "line": 1,
                            "column": 1,
                            "offset": 0
                        },
                        "end": {
                            "line": 1,
                            "column": 44,
                            "offset": 43
                        }
                    }
                },
                "tags": [],
                "loc": {
                    "start": {
                        "line": 145,
                        "column": 4
                    },
                    "end": {
                        "line": 147,
                        "column": 7
                    }
                },
                "context": {
                    "loc": {
                        "start": {
                            "line": 148,
                            "column": 4
                        },
                        "end": {
                            "line": 150,
                            "column": 5
                        }
                    },
                    "file": "/Users/mapboxchina/projects/mapbox-gl-js/src/ui/events.js",
                    "github": {
                        "url": "https://git@github.com/:mapbox/mapbox-gl-js/blob/43037cd3064d8900cdbf34eaf225053e12da17c1/src/ui/events.js#L148-L150",
                        "path": "src/ui/events.js"
                    }
                },
                "augments": [],
                "examples": [],
                "params": [],
                "properties": [],
                "returns": [
                    {
                        "title": "returns",
                        "type": {
                            "type": "NameExpression",
                            "name": "boolean"
                        }
                    }
                ],
                "sees": [],
                "throws": [],
                "todos": [],
                "name": "defaultPrevented",
                "kind": "member",
                "memberof": "MapTouchEvent",
                "scope": "instance",
                "members": {
                    "global": [],
                    "inner": [],
                    "instance": [],
                    "events": [],
                    "static": []
                },
                "path": [
                    {
                        "name": "MapTouchEvent",
                        "kind": "class"
                    },
                    {
                        "name": "defaultPrevented",
                        "kind": "member",
                        "scope": "instance"
                    }
                ],
                "namespace": "MapTouchEvent#defaultPrevented"
            }
        ],
        "events": [],
        "static": []
    },
    "namespace": "MapTouchEvent"
}