{
    "description": {
        "type": "root",
        "children": [
            {
                "type": "paragraph",
                "children": [
                    {
                        "type": "inlineCode",
                        "value": "MapWheelEvent",
                        "position": {
                            "start": {
                                "line": 1,
                                "column": 1,
                                "offset": 0
                            },
                            "end": {
                                "line": 1,
                                "column": 16,
                                "offset": 15
                            },
                            "indent": []
                        }
                    },
                    {
                        "type": "text",
                        "value": " is the event type for the ",
                        "position": {
                            "start": {
                                "line": 1,
                                "column": 16,
                                "offset": 15
                            },
                            "end": {
                                "line": 1,
                                "column": 43,
                                "offset": 42
                            },
                            "indent": []
                        }
                    },
                    {
                        "type": "inlineCode",
                        "value": "wheel",
                        "position": {
                            "start": {
                                "line": 1,
                                "column": 43,
                                "offset": 42
                            },
                            "end": {
                                "line": 1,
                                "column": 50,
                                "offset": 49
                            },
                            "indent": []
                        }
                    },
                    {
                        "type": "text",
                        "value": " map event.",
                        "position": {
                            "start": {
                                "line": 1,
                                "column": 50,
                                "offset": 49
                            },
                            "end": {
                                "line": 1,
                                "column": 61,
                                "offset": 60
                            },
                            "indent": []
                        }
                    }
                ],
                "position": {
                    "start": {
                        "line": 1,
                        "column": 1,
                        "offset": 0
                    },
                    "end": {
                        "line": 1,
                        "column": 61,
                        "offset": 60
                    },
                    "indent": []
                }
            }
        ],
        "position": {
            "start": {
                "line": 1,
                "column": 1,
                "offset": 0
            },
            "end": {
                "line": 1,
                "column": 61,
                "offset": 60
            }
        }
    },
    "tags": [
        {
            "title": "extends",
            "description": null,
            "lineNumber": 2,
            "type": {
                "type": "NameExpression",
                "name": "Object"
            },
            "name": "Object"
        }
    ],
    "loc": {
        "start": {
            "line": 169,
            "column": 0
        },
        "end": {
            "line": 172,
            "column": 3
        }
    },
    "context": {
        "loc": {
            "start": {
                "line": 173,
                "column": 0
            },
            "end": {
                "line": 214,
                "column": 1
            }
        },
        "file": "/Users/mapboxchina/projects/mapbox-gl-js/src/ui/events.js",
        "github": {
            "url": "https://git@github.com/:mapbox/mapbox-gl-js/blob/43037cd3064d8900cdbf34eaf225053e12da17c1/src/ui/events.js#L173-L214",
            "path": "src/ui/events.js"
        }
    },
    "augments": [
        {
            "title": "extends",
            "description": null,
            "lineNumber": 2,
            "type": {
                "type": "NameExpression",
                "name": "Object"
            },
            "name": "Object"
        }
    ],
    "examples": [],
    "params": [
        {
            "title": "param",
            "name": "type",
            "lineNumber": 210,
            "type": {
                "type": "NameExpression",
                "name": "string"
            }
        },
        {
            "title": "param",
            "name": "map",
            "lineNumber": 210,
            "type": {
                "type": "NameExpression",
                "name": "Map"
            }
        },
        {
            "title": "param",
            "name": "originalEvent",
            "lineNumber": 210,
            "type": {
                "type": "NameExpression",
                "name": "WheelEvent"
            }
        }
    ],
    "properties": [],
    "returns": [],
    "sees": [],
    "throws": [],
    "todos": [],
    "constructorComment": {
        "description": "",
        "tags": [
            {
                "title": "private",
                "description": null,
                "lineNumber": 1
            }
        ],
        "loc": {
            "start": {
                "line": 207,
                "column": 4
            },
            "end": {
                "line": 209,
                "column": 7
            }
        },
        "context": {
            "loc": {
                "start": {
                    "line": 210,
                    "column": 4
                },
                "end": {
                    "line": 213,
                    "column": 5
                }
            },
            "file": "/Users/mapboxchina/projects/mapbox-gl-js/src/ui/events.js",
            "sortKey": "!/Users/mapboxchina/projects/mapbox-gl-js/src/index.js:00000003!/Users/mapboxchina/projects/mapbox-gl-js/src/ui/map.js:00000021!/Users/mapboxchina/projects/mapbox-gl-js/src/ui/events.js 00000210",
            "code": "{\n    /**\n     * The event type.\n     */\n    type: 'wheel';\n\n    /**\n     * The `Map` object that fired the event.\n     */\n    target: Map;\n\n    /**\n     * The DOM event which caused the map event.\n     */\n    originalEvent: WheelEvent;\n\n    /**\n     * Prevents subsequent default processing of the event by the map.\n     *\n     * Calling this method will prevent the the behavior of {@link ScrollZoomHandler}.\n     */\n    preventDefault() {\n        this._defaultPrevented = true;\n    }\n\n    /**\n     * `true` if `preventDefault` has been called.\n     */\n    get defaultPrevented(): boolean {\n        return this._defaultPrevented;\n    }\n\n    _defaultPrevented: boolean;\n\n    /**\n     * @private\n     */\n    constructor(type: string, map: Map, originalEvent: WheelEvent) {\n        super(type, { originalEvent });\n        this._defaultPrevented = false;\n    }\n}"
        },
        "augments": [],
        "errors": [],
        "examples": [],
        "params": [],
        "properties": [],
        "returns": [],
        "sees": [],
        "throws": [],
        "todos": [],
        "access": "private"
    },
    "name": "MapWheelEvent",
    "kind": "class",
    "members": {
        "global": [],
        "inner": [],
        "instance": [
            {
                "description": {
                    "type": "root",
                    "children": [
                        {
                            "type": "paragraph",
                            "children": [
                                {
                                    "type": "text",
                                    "value": "The event type.",
                                    "position": {
                                        "start": {
                                            "line": 1,
                                            "column": 1,
                                            "offset": 0
                                        },
                                        "end": {
                                            "line": 1,
                                            "column": 16,
                                            "offset": 15
                                        },
                                        "indent": []
                                    }
                                }
                            ],
                            "position": {
                                "start": {
                                    "line": 1,
                                    "column": 1,
                                    "offset": 0
                                },
                                "end": {
                                    "line": 1,
                                    "column": 16,
                                    "offset": 15
                                },
                                "indent": []
                            }
                        }
                    ],
                    "position": {
                        "start": {
                            "line": 1,
                            "column": 1,
                            "offset": 0
                        },
                        "end": {
                            "line": 1,
                            "column": 16,
                            "offset": 15
                        }
                    }
                },
                "tags": [],
                "loc": {
                    "start": {
                        "line": 174,
                        "column": 4
                    },
                    "end": {
                        "line": 176,
                        "column": 7
                    }
                },
                "context": {
                    "loc": {
                        "start": {
                            "line": 177,
                            "column": 4
                        },
                        "end": {
                            "line": 177,
                            "column": 18
                        }
                    },
                    "file": "/Users/mapboxchina/projects/mapbox-gl-js/src/ui/events.js",
                    "github": {
                        "url": "https://git@github.com/:mapbox/mapbox-gl-js/blob/43037cd3064d8900cdbf34eaf225053e12da17c1/src/ui/events.js#L177-L177",
                        "path": "src/ui/events.js"
                    }
                },
                "augments": [],
                "examples": [],
                "params": [],
                "properties": [],
                "returns": [],
                "sees": [],
                "throws": [],
                "todos": [],
                "name": "type",
                "kind": "member",
                "memberof": "MapWheelEvent",
                "scope": "instance",
                "type": {
                    "type": "StringLiteralType",
                    "value": "wheel"
                },
                "members": {
                    "global": [],
                    "inner": [],
                    "instance": [],
                    "events": [],
                    "static": []
                },
                "path": [
                    {
                        "name": "MapWheelEvent",
                        "kind": "class"
                    },
                    {
                        "name": "type",
                        "kind": "member",
                        "scope": "instance"
                    }
                ],
                "namespace": "MapWheelEvent#type"
            },
            {
                "description": {
                    "type": "root",
                    "children": [
                        {
                            "type": "paragraph",
                            "children": [
                                {
                                    "type": "text",
                                    "value": "The ",
                                    "position": {
                                        "start": {
                                            "line": 1,
                                            "column": 1,
                                            "offset": 0
                                        },
                                        "end": {
                                            "line": 1,
                                            "column": 5,
                                            "offset": 4
                                        },
                                        "indent": []
                                    }
                                },
                                {
                                    "type": "inlineCode",
                                    "value": "Map",
                                    "position": {
                                        "start": {
                                            "line": 1,
                                            "column": 5,
                                            "offset": 4
                                        },
                                        "end": {
                                            "line": 1,
                                            "column": 10,
                                            "offset": 9
                                        },
                                        "indent": []
                                    }
                                },
                                {
                                    "type": "text",
                                    "value": " object that fired the event.",
                                    "position": {
                                        "start": {
                                            "line": 1,
                                            "column": 10,
                                            "offset": 9
                                        },
                                        "end": {
                                            "line": 1,
                                            "column": 39,
                                            "offset": 38
                                        },
                                        "indent": []
                                    }
                                }
                            ],
                            "position": {
                                "start": {
                                    "line": 1,
                                    "column": 1,
                                    "offset": 0
                                },
                                "end": {
                                    "line": 1,
                                    "column": 39,
                                    "offset": 38
                                },
                                "indent": []
                            }
                        }
                    ],
                    "position": {
                        "start": {
                            "line": 1,
                            "column": 1,
                            "offset": 0
                        },
                        "end": {
                            "line": 1,
                            "column": 39,
                            "offset": 38
                        }
                    }
                },
                "tags": [],
                "loc": {
                    "start": {
                        "line": 179,
                        "column": 4
                    },
                    "end": {
                        "line": 181,
                        "column": 7
                    }
                },
                "context": {
                    "loc": {
                        "start": {
                            "line": 182,
                            "column": 4
                        },
                        "end": {
                            "line": 182,
                            "column": 16
                        }
                    },
                    "file": "/Users/mapboxchina/projects/mapbox-gl-js/src/ui/events.js",
                    "github": {
                        "url": "https://git@github.com/:mapbox/mapbox-gl-js/blob/43037cd3064d8900cdbf34eaf225053e12da17c1/src/ui/events.js#L182-L182",
                        "path": "src/ui/events.js"
                    }
                },
                "augments": [],
                "examples": [],
                "params": [],
                "properties": [],
                "returns": [],
                "sees": [],
                "throws": [],
                "todos": [],
                "name": "target",
                "kind": "member",
                "memberof": "MapWheelEvent",
                "scope": "instance",
                "type": {
                    "type": "NameExpression",
                    "name": "Map"
                },
                "members": {
                    "global": [],
                    "inner": [],
                    "instance": [],
                    "events": [],
                    "static": []
                },
                "path": [
                    {
                        "name": "MapWheelEvent",
                        "kind": "class"
                    },
                    {
                        "name": "target",
                        "kind": "member",
                        "scope": "instance"
                    }
                ],
                "namespace": "MapWheelEvent#target"
            },
            {
                "description": {
                    "type": "root",
                    "children": [
                        {
                            "type": "paragraph",
                            "children": [
                                {
                                    "type": "text",
                                    "value": "The DOM event which caused the map event.",
                                    "position": {
                                        "start": {
                                            "line": 1,
                                            "column": 1,
                                            "offset": 0
                                        },
                                        "end": {
                                            "line": 1,
                                            "column": 42,
                                            "offset": 41
                                        },
                                        "indent": []
                                    }
                                }
                            ],
                            "position": {
                                "start": {
                                    "line": 1,
                                    "column": 1,
                                    "offset": 0
                                },
                                "end": {
                                    "line": 1,
                                    "column": 42,
                                    "offset": 41
                                },
                                "indent": []
                            }
                        }
                    ],
                    "position": {
                        "start": {
                            "line": 1,
                            "column": 1,
                            "offset": 0
                        },
                        "end": {
                            "line": 1,
                            "column": 42,
                            "offset": 41
                        }
                    }
                },
                "tags": [],
                "loc": {
                    "start": {
                        "line": 184,
                        "column": 4
                    },
                    "end": {
                        "line": 186,
                        "column": 7
                    }
                },
                "context": {
                    "loc": {
                        "start": {
                            "line": 187,
                            "column": 4
                        },
                        "end": {
                            "line": 187,
                            "column": 30
                        }
                    },
                    "file": "/Users/mapboxchina/projects/mapbox-gl-js/src/ui/events.js",
                    "github": {
                        "url": "https://git@github.com/:mapbox/mapbox-gl-js/blob/43037cd3064d8900cdbf34eaf225053e12da17c1/src/ui/events.js#L187-L187",
                        "path": "src/ui/events.js"
                    }
                },
                "augments": [],
                "examples": [],
                "params": [],
                "properties": [],
                "returns": [],
                "sees": [],
                "throws": [],
                "todos": [],
                "name": "originalEvent",
                "kind": "member",
                "memberof": "MapWheelEvent",
                "scope": "instance",
                "type": {
                    "type": "NameExpression",
                    "name": "WheelEvent"
                },
                "members": {
                    "global": [],
                    "inner": [],
                    "instance": [],
                    "events": [],
                    "static": []
                },
                "path": [
                    {
                        "name": "MapWheelEvent",
                        "kind": "class"
                    },
                    {
                        "name": "originalEvent",
                        "kind": "member",
                        "scope": "instance"
                    }
                ],
                "namespace": "MapWheelEvent#originalEvent"
            },
            {
                "description": {
                    "type": "root",
                    "children": [
                        {
                            "type": "paragraph",
                            "children": [
                                {
                                    "type": "text",
                                    "value": "Prevents subsequent default processing of the event by the map.",
                                    "position": {
                                        "start": {
                                            "line": 1,
                                            "column": 1,
                                            "offset": 0
                                        },
                                        "end": {
                                            "line": 1,
                                            "column": 64,
                                            "offset": 63
                                        },
                                        "indent": []
                                    }
                                }
                            ],
                            "position": {
                                "start": {
                                    "line": 1,
                                    "column": 1,
                                    "offset": 0
                                },
                                "end": {
                                    "line": 1,
                                    "column": 64,
                                    "offset": 63
                                },
                                "indent": []
                            }
                        },
                        {
                            "type": "paragraph",
                            "children": [
                                {
                                    "type": "text",
                                    "value": "Calling this method will prevent the the behavior of ",
                                    "position": {
                                        "start": {
                                            "line": 3,
                                            "column": 1,
                                            "offset": 65
                                        },
                                        "end": {
                                            "line": 3,
                                            "column": 54,
                                            "offset": 118
                                        },
                                        "indent": []
                                    }
                                },
                                {
                                    "type": "link",
                                    "url": "ScrollZoomHandler",
                                    "title": null,
                                    "jsdoc": true,
                                    "children": [
                                        {
                                            "type": "text",
                                            "value": "ScrollZoomHandler"
                                        }
                                    ],
                                    "position": {
                                        "start": {
                                            "line": 3,
                                            "column": 54,
                                            "offset": 118
                                        },
                                        "end": {
                                            "line": 3,
                                            "column": 79,
                                            "offset": 143
                                        },
                                        "indent": []
                                    }
                                },
                                {
                                    "type": "text",
                                    "value": ".",
                                    "position": {
                                        "start": {
                                            "line": 3,
                                            "column": 79,
                                            "offset": 143
                                        },
                                        "end": {
                                            "line": 3,
                                            "column": 80,
                                            "offset": 144
                                        },
                                        "indent": []
                                    }
                                }
                            ],
                            "position": {
                                "start": {
                                    "line": 3,
                                    "column": 1,
                                    "offset": 65
                                },
                                "end": {
                                    "line": 3,
                                    "column": 80,
                                    "offset": 144
                                },
                                "indent": []
                            }
                        }
                    ],
                    "position": {
                        "start": {
                            "line": 1,
                            "column": 1,
                            "offset": 0
                        },
                        "end": {
                            "line": 3,
                            "column": 80,
                            "offset": 144
                        }
                    }
                },
                "tags": [],
                "loc": {
                    "start": {
                        "line": 189,
                        "column": 4
                    },
                    "end": {
                        "line": 193,
                        "column": 7
                    }
                },
                "context": {
                    "loc": {
                        "start": {
                            "line": 194,
                            "column": 4
                        },
                        "end": {
                            "line": 196,
                            "column": 5
                        }
                    },
                    "file": "/Users/mapboxchina/projects/mapbox-gl-js/src/ui/events.js",
                    "github": {
                        "url": "https://git@github.com/:mapbox/mapbox-gl-js/blob/43037cd3064d8900cdbf34eaf225053e12da17c1/src/ui/events.js#L194-L196",
                        "path": "src/ui/events.js"
                    }
                },
                "augments": [],
                "examples": [],
                "params": [],
                "properties": [],
                "returns": [],
                "sees": [],
                "throws": [],
                "todos": [],
                "name": "preventDefault",
                "kind": "function",
                "memberof": "MapWheelEvent",
                "scope": "instance",
                "members": {
                    "global": [],
                    "inner": [],
                    "instance": [],
                    "events": [],
                    "static": []
                },
                "path": [
                    {
                        "name": "MapWheelEvent",
                        "kind": "class"
                    },
                    {
                        "name": "preventDefault",
                        "kind": "function",
                        "scope": "instance"
                    }
                ],
                "namespace": "MapWheelEvent#preventDefault"
            },
            {
                "description": {
                    "type": "root",
                    "children": [
                        {
                            "type": "paragraph",
                            "children": [
                                {
                                    "type": "inlineCode",
                                    "value": "true",
                                    "position": {
                                        "start": {
                                            "line": 1,
                                            "column": 1,
                                            "offset": 0
                                        },
                                        "end": {
                                            "line": 1,
                                            "column": 7,
                                            "offset": 6
                                        },
                                        "indent": []
                                    }
                                },
                                {
                                    "type": "text",
                                    "value": " if ",
                                    "position": {
                                        "start": {
                                            "line": 1,
                                            "column": 7,
                                            "offset": 6
                                        },
                                        "end": {
                                            "line": 1,
                                            "column": 11,
                                            "offset": 10
                                        },
                                        "indent": []
                                    }
                                },
                                {
                                    "type": "inlineCode",
                                    "value": "preventDefault",
                                    "position": {
                                        "start": {
                                            "line": 1,
                                            "column": 11,
                                            "offset": 10
                                        },
                                        "end": {
                                            "line": 1,
                                            "column": 27,
                                            "offset": 26
                                        },
                                        "indent": []
                                    }
                                },
                                {
                                    "type": "text",
                                    "value": " has been called.",
                                    "position": {
                                        "start": {
                                            "line": 1,
                                            "column": 27,
                                            "offset": 26
                                        },
                                        "end": {
                                            "line": 1,
                                            "column": 44,
                                            "offset": 43
                                        },
                                        "indent": []
                                    }
                                }
                            ],
                            "position": {
                                "start": {
                                    "line": 1,
                                    "column": 1,
                                    "offset": 0
                                },
                                "end": {
                                    "line": 1,
                                    "column": 44,
                                    "offset": 43
                                },
                                "indent": []
                            }
                        }
                    ],
                    "position": {
                        "start": {
                            "line": 1,
                            "column": 1,
                            "offset": 0
                        },
                        "end": {
                            "line": 1,
                            "column": 44,
                            "offset": 43
                        }
                    }
                },
                "tags": [],
                "loc": {
                    "start": {
                        "line": 198,
                        "column": 4
                    },
                    "end": {
                        "line": 200,
                        "column": 7
                    }
                },
                "context": {
                    "loc": {
                        "start": {
                            "line": 201,
                            "column": 4
                        },
                        "end": {
                            "line": 203,
                            "column": 5
                        }
                    },
                    "file": "/Users/mapboxchina/projects/mapbox-gl-js/src/ui/events.js",
                    "github": {
                        "url": "https://git@github.com/:mapbox/mapbox-gl-js/blob/43037cd3064d8900cdbf34eaf225053e12da17c1/src/ui/events.js#L201-L203",
                        "path": "src/ui/events.js"
                    }
                },
                "augments": [],
                "examples": [],
                "params": [],
                "properties": [],
                "returns": [
                    {
                        "title": "returns",
                        "type": {
                            "type": "NameExpression",
                            "name": "boolean"
                        }
                    }
                ],
                "sees": [],
                "throws": [],
                "todos": [],
                "name": "defaultPrevented",
                "kind": "member",
                "memberof": "MapWheelEvent",
                "scope": "instance",
                "members": {
                    "global": [],
                    "inner": [],
                    "instance": [],
                    "events": [],
                    "static": []
                },
                "path": [
                    {
                        "name": "MapWheelEvent",
                        "kind": "class"
                    },
                    {
                        "name": "defaultPrevented",
                        "kind": "member",
                        "scope": "instance"
                    }
                ],
                "namespace": "MapWheelEvent#defaultPrevented"
            }
        ],
        "events": [],
        "static": []
    },
    "path": [
        {
            "name": "MapWheelEvent",
            "kind": "class"
        }
    ],
    "namespace": "MapWheelEvent"
}