{
    "description": {
        "type": "root",
        "children": [
            {
                "type": "paragraph",
                "children": [
                    {
                        "type": "text",
                        "value": "A ",
                        "position": {
                            "start": {
                                "line": 1,
                                "column": 1,
                                "offset": 0
                            },
                            "end": {
                                "line": 1,
                                "column": 3,
                                "offset": 2
                            },
                            "indent": []
                        }
                    },
                    {
                        "type": "inlineCode",
                        "value": "MercatorCoordinate",
                        "position": {
                            "start": {
                                "line": 1,
                                "column": 3,
                                "offset": 2
                            },
                            "end": {
                                "line": 1,
                                "column": 23,
                                "offset": 22
                            },
                            "indent": []
                        }
                    },
                    {
                        "type": "text",
                        "value": " object represents a projected three dimensional position.",
                        "position": {
                            "start": {
                                "line": 1,
                                "column": 23,
                                "offset": 22
                            },
                            "end": {
                                "line": 1,
                                "column": 81,
                                "offset": 80
                            },
                            "indent": []
                        }
                    }
                ],
                "position": {
                    "start": {
                        "line": 1,
                        "column": 1,
                        "offset": 0
                    },
                    "end": {
                        "line": 1,
                        "column": 81,
                        "offset": 80
                    },
                    "indent": []
                }
            },
            {
                "type": "paragraph",
                "children": [
                    {
                        "type": "inlineCode",
                        "value": "MercatorCoordinate",
                        "position": {
                            "start": {
                                "line": 3,
                                "column": 1,
                                "offset": 82
                            },
                            "end": {
                                "line": 3,
                                "column": 21,
                                "offset": 102
                            },
                            "indent": []
                        }
                    },
                    {
                        "type": "text",
                        "value": " uses the web mercator projection (",
                        "position": {
                            "start": {
                                "line": 3,
                                "column": 21,
                                "offset": 102
                            },
                            "end": {
                                "line": 3,
                                "column": 56,
                                "offset": 137
                            },
                            "indent": []
                        }
                    },
                    {
                        "type": "link",
                        "title": null,
                        "url": "https://epsg.io/3857",
                        "children": [
                            {
                                "type": "text",
                                "value": "EPSG:3857",
                                "position": {
                                    "start": {
                                        "line": 3,
                                        "column": 57,
                                        "offset": 138
                                    },
                                    "end": {
                                        "line": 3,
                                        "column": 66,
                                        "offset": 147
                                    },
                                    "indent": []
                                }
                            }
                        ],
                        "position": {
                            "start": {
                                "line": 3,
                                "column": 56,
                                "offset": 137
                            },
                            "end": {
                                "line": 3,
                                "column": 89,
                                "offset": 170
                            },
                            "indent": []
                        }
                    },
                    {
                        "type": "text",
                        "value": ") with slightly different units:",
                        "position": {
                            "start": {
                                "line": 3,
                                "column": 89,
                                "offset": 170
                            },
                            "end": {
                                "line": 3,
                                "column": 121,
                                "offset": 202
                            },
                            "indent": []
                        }
                    }
                ],
                "position": {
                    "start": {
                        "line": 3,
                        "column": 1,
                        "offset": 82
                    },
                    "end": {
                        "line": 3,
                        "column": 121,
                        "offset": 202
                    },
                    "indent": []
                }
            },
            {
                "type": "list",
                "ordered": false,
                "start": null,
                "loose": false,
                "children": [
                    {
                        "type": "listItem",
                        "loose": false,
                        "checked": null,
                        "children": [
                            {
                                "type": "paragraph",
                                "children": [
                                    {
                                        "type": "text",
                                        "value": "the size of 1 unit is the width of the projected world instead of the \"mercator meter\"",
                                        "position": {
                                            "start": {
                                                "line": 4,
                                                "column": 3,
                                                "offset": 205
                                            },
                                            "end": {
                                                "line": 4,
                                                "column": 89,
                                                "offset": 291
                                            },
                                            "indent": []
                                        }
                                    }
                                ],
                                "position": {
                                    "start": {
                                        "line": 4,
                                        "column": 3,
                                        "offset": 205
                                    },
                                    "end": {
                                        "line": 4,
                                        "column": 89,
                                        "offset": 291
                                    },
                                    "indent": []
                                }
                            }
                        ],
                        "position": {
                            "start": {
                                "line": 4,
                                "column": 1,
                                "offset": 203
                            },
                            "end": {
                                "line": 4,
                                "column": 89,
                                "offset": 291
                            },
                            "indent": []
                        }
                    },
                    {
                        "type": "listItem",
                        "loose": false,
                        "checked": null,
                        "children": [
                            {
                                "type": "paragraph",
                                "children": [
                                    {
                                        "type": "text",
                                        "value": "the origin of the coordinate space is at the north-west corner instead of the middle",
                                        "position": {
                                            "start": {
                                                "line": 5,
                                                "column": 3,
                                                "offset": 294
                                            },
                                            "end": {
                                                "line": 5,
                                                "column": 87,
                                                "offset": 378
                                            },
                                            "indent": []
                                        }
                                    }
                                ],
                                "position": {
                                    "start": {
                                        "line": 5,
                                        "column": 3,
                                        "offset": 294
                                    },
                                    "end": {
                                        "line": 5,
                                        "column": 87,
                                        "offset": 378
                                    },
                                    "indent": []
                                }
                            }
                        ],
                        "position": {
                            "start": {
                                "line": 5,
                                "column": 1,
                                "offset": 292
                            },
                            "end": {
                                "line": 5,
                                "column": 87,
                                "offset": 378
                            },
                            "indent": []
                        }
                    }
                ],
                "position": {
                    "start": {
                        "line": 4,
                        "column": 1,
                        "offset": 203
                    },
                    "end": {
                        "line": 5,
                        "column": 87,
                        "offset": 378
                    },
                    "indent": [
                        1
                    ]
                }
            },
            {
                "type": "paragraph",
                "children": [
                    {
                        "type": "text",
                        "value": "For example, ",
                        "position": {
                            "start": {
                                "line": 7,
                                "column": 1,
                                "offset": 380
                            },
                            "end": {
                                "line": 7,
                                "column": 14,
                                "offset": 393
                            },
                            "indent": []
                        }
                    },
                    {
                        "type": "inlineCode",
                        "value": "MercatorCoordinate(0, 0, 0)",
                        "position": {
                            "start": {
                                "line": 7,
                                "column": 14,
                                "offset": 393
                            },
                            "end": {
                                "line": 7,
                                "column": 43,
                                "offset": 422
                            },
                            "indent": []
                        }
                    },
                    {
                        "type": "text",
                        "value": " is the north-west corner of the mercator world and\n",
                        "position": {
                            "start": {
                                "line": 7,
                                "column": 43,
                                "offset": 422
                            },
                            "end": {
                                "line": 8,
                                "column": 1,
                                "offset": 474
                            },
                            "indent": [
                                1
                            ]
                        }
                    },
                    {
                        "type": "inlineCode",
                        "value": "MercatorCoordinate(1, 1, 0)",
                        "position": {
                            "start": {
                                "line": 8,
                                "column": 1,
                                "offset": 474
                            },
                            "end": {
                                "line": 8,
                                "column": 30,
                                "offset": 503
                            },
                            "indent": []
                        }
                    },
                    {
                        "type": "text",
                        "value": " is the south-east corner. If you are familiar with\n",
                        "position": {
                            "start": {
                                "line": 8,
                                "column": 30,
                                "offset": 503
                            },
                            "end": {
                                "line": 9,
                                "column": 1,
                                "offset": 555
                            },
                            "indent": [
                                1
                            ]
                        }
                    },
                    {
                        "type": "link",
                        "title": null,
                        "url": "https://github.com/mapbox/vector-tile-spec",
                        "children": [
                            {
                                "type": "text",
                                "value": "vector tiles",
                                "position": {
                                    "start": {
                                        "line": 9,
                                        "column": 2,
                                        "offset": 556
                                    },
                                    "end": {
                                        "line": 9,
                                        "column": 14,
                                        "offset": 568
                                    },
                                    "indent": []
                                }
                            }
                        ],
                        "position": {
                            "start": {
                                "line": 9,
                                "column": 1,
                                "offset": 555
                            },
                            "end": {
                                "line": 9,
                                "column": 59,
                                "offset": 613
                            },
                            "indent": []
                        }
                    },
                    {
                        "type": "text",
                        "value": " it may be helpful to think\nof the coordinate space as the ",
                        "position": {
                            "start": {
                                "line": 9,
                                "column": 59,
                                "offset": 613
                            },
                            "end": {
                                "line": 10,
                                "column": 32,
                                "offset": 672
                            },
                            "indent": [
                                1
                            ]
                        }
                    },
                    {
                        "type": "inlineCode",
                        "value": "0/0/0",
                        "position": {
                            "start": {
                                "line": 10,
                                "column": 32,
                                "offset": 672
                            },
                            "end": {
                                "line": 10,
                                "column": 39,
                                "offset": 679
                            },
                            "indent": []
                        }
                    },
                    {
                        "type": "text",
                        "value": " tile with an extent of ",
                        "position": {
                            "start": {
                                "line": 10,
                                "column": 39,
                                "offset": 679
                            },
                            "end": {
                                "line": 10,
                                "column": 63,
                                "offset": 703
                            },
                            "indent": []
                        }
                    },
                    {
                        "type": "inlineCode",
                        "value": "1",
                        "position": {
                            "start": {
                                "line": 10,
                                "column": 63,
                                "offset": 703
                            },
                            "end": {
                                "line": 10,
                                "column": 66,
                                "offset": 706
                            },
                            "indent": []
                        }
                    },
                    {
                        "type": "text",
                        "value": ".",
                        "position": {
                            "start": {
                                "line": 10,
                                "column": 66,
                                "offset": 706
                            },
                            "end": {
                                "line": 10,
                                "column": 67,
                                "offset": 707
                            },
                            "indent": []
                        }
                    }
                ],
                "position": {
                    "start": {
                        "line": 7,
                        "column": 1,
                        "offset": 380
                    },
                    "end": {
                        "line": 10,
                        "column": 67,
                        "offset": 707
                    },
                    "indent": [
                        1,
                        1,
                        1
                    ]
                }
            },
            {
                "type": "paragraph",
                "children": [
                    {
                        "type": "text",
                        "value": "The ",
                        "position": {
                            "start": {
                                "line": 12,
                                "column": 1,
                                "offset": 709
                            },
                            "end": {
                                "line": 12,
                                "column": 5,
                                "offset": 713
                            },
                            "indent": []
                        }
                    },
                    {
                        "type": "inlineCode",
                        "value": "z",
                        "position": {
                            "start": {
                                "line": 12,
                                "column": 5,
                                "offset": 713
                            },
                            "end": {
                                "line": 12,
                                "column": 8,
                                "offset": 716
                            },
                            "indent": []
                        }
                    },
                    {
                        "type": "text",
                        "value": " dimension of ",
                        "position": {
                            "start": {
                                "line": 12,
                                "column": 8,
                                "offset": 716
                            },
                            "end": {
                                "line": 12,
                                "column": 22,
                                "offset": 730
                            },
                            "indent": []
                        }
                    },
                    {
                        "type": "inlineCode",
                        "value": "MercatorCoordinate",
                        "position": {
                            "start": {
                                "line": 12,
                                "column": 22,
                                "offset": 730
                            },
                            "end": {
                                "line": 12,
                                "column": 42,
                                "offset": 750
                            },
                            "indent": []
                        }
                    },
                    {
                        "type": "text",
                        "value": " is conformal. A cube in the mercator coordinate space would be rendered as a cube.",
                        "position": {
                            "start": {
                                "line": 12,
                                "column": 42,
                                "offset": 750
                            },
                            "end": {
                                "line": 12,
                                "column": 125,
                                "offset": 833
                            },
                            "indent": []
                        }
                    }
                ],
                "position": {
                    "start": {
                        "line": 12,
                        "column": 1,
                        "offset": 709
                    },
                    "end": {
                        "line": 12,
                        "column": 125,
                        "offset": 833
                    },
                    "indent": []
                }
            }
        ],
        "position": {
            "start": {
                "line": 1,
                "column": 1,
                "offset": 0
            },
            "end": {
                "line": 12,
                "column": 125,
                "offset": 833
            }
        }
    },
    "tags": [
        {
            "title": "param",
            "description": "The x component of the position.",
            "lineNumber": 14,
            "type": {
                "type": "NameExpression",
                "name": "number"
            },
            "name": "x"
        },
        {
            "title": "param",
            "description": "The y component of the position.",
            "lineNumber": 15,
            "type": {
                "type": "NameExpression",
                "name": "number"
            },
            "name": "y"
        },
        {
            "title": "param",
            "description": "The z component of the position.",
            "lineNumber": 16,
            "type": {
                "type": "NameExpression",
                "name": "number"
            },
            "name": "z"
        },
        {
            "title": "example",
            "description": "var nullIsland = new mapboxgl.MercatorCoordinate(0.5, 0.5, 0);",
            "lineNumber": 17
        },
        {
            "title": "see",
            "description": "[Add a custom style layer](https://www.mapbox.com/mapbox-gl-js/example/custom-style-layer/)",
            "lineNumber": 20
        }
    ],
    "loc": {
        "start": {
            "line": 39,
            "column": 0
        },
        "end": {
            "line": 60,
            "column": 3
        }
    },
    "context": {
        "loc": {
            "start": {
                "line": 61,
                "column": 0
            },
            "end": {
                "line": 116,
                "column": 1
            }
        },
        "file": "/Users/mapboxchina/projects/mapbox-gl-js/src/geo/mercator_coordinate.js",
        "github": {
            "url": "https://git@github.com/:mapbox/mapbox-gl-js/blob/43037cd3064d8900cdbf34eaf225053e12da17c1/src/geo/mercator_coordinate.js#L61-L116",
            "path": "src/geo/mercator_coordinate.js"
        }
    },
    "augments": [],
    "examples": [
        {
            "description": "var nullIsland = new mapboxgl.MercatorCoordinate(0.5, 0.5, 0);"
        }
    ],
    "params": [
        {
            "title": "param",
            "name": "x",
            "lineNumber": 14,
            "description": {
                "type": "root",
                "children": [
                    {
                        "type": "paragraph",
                        "children": [
                            {
                                "type": "text",
                                "value": "The x component of the position.",
                                "position": {
                                    "start": {
                                        "line": 1,
                                        "column": 1,
                                        "offset": 0
                                    },
                                    "end": {
                                        "line": 1,
                                        "column": 33,
                                        "offset": 32
                                    },
                                    "indent": []
                                }
                            }
                        ],
                        "position": {
                            "start": {
                                "line": 1,
                                "column": 1,
                                "offset": 0
                            },
                            "end": {
                                "line": 1,
                                "column": 33,
                                "offset": 32
                            },
                            "indent": []
                        }
                    }
                ],
                "position": {
                    "start": {
                        "line": 1,
                        "column": 1,
                        "offset": 0
                    },
                    "end": {
                        "line": 1,
                        "column": 33,
                        "offset": 32
                    }
                }
            },
            "type": {
                "type": "NameExpression",
                "name": "number"
            }
        },
        {
            "title": "param",
            "name": "y",
            "lineNumber": 15,
            "description": {
                "type": "root",
                "children": [
                    {
                        "type": "paragraph",
                        "children": [
                            {
                                "type": "text",
                                "value": "The y component of the position.",
                                "position": {
                                    "start": {
                                        "line": 1,
                                        "column": 1,
                                        "offset": 0
                                    },
                                    "end": {
                                        "line": 1,
                                        "column": 33,
                                        "offset": 32
                                    },
                                    "indent": []
                                }
                            }
                        ],
                        "position": {
                            "start": {
                                "line": 1,
                                "column": 1,
                                "offset": 0
                            },
                            "end": {
                                "line": 1,
                                "column": 33,
                                "offset": 32
                            },
                            "indent": []
                        }
                    }
                ],
                "position": {
                    "start": {
                        "line": 1,
                        "column": 1,
                        "offset": 0
                    },
                    "end": {
                        "line": 1,
                        "column": 33,
                        "offset": 32
                    }
                }
            },
            "type": {
                "type": "NameExpression",
                "name": "number"
            }
        },
        {
            "title": "param",
            "name": "z",
            "lineNumber": 16,
            "description": {
                "type": "root",
                "children": [
                    {
                        "type": "paragraph",
                        "children": [
                            {
                                "type": "text",
                                "value": "The z component of the position.",
                                "position": {
                                    "start": {
                                        "line": 1,
                                        "column": 1,
                                        "offset": 0
                                    },
                                    "end": {
                                        "line": 1,
                                        "column": 33,
                                        "offset": 32
                                    },
                                    "indent": []
                                }
                            }
                        ],
                        "position": {
                            "start": {
                                "line": 1,
                                "column": 1,
                                "offset": 0
                            },
                            "end": {
                                "line": 1,
                                "column": 33,
                                "offset": 32
                            },
                            "indent": []
                        }
                    }
                ],
                "position": {
                    "start": {
                        "line": 1,
                        "column": 1,
                        "offset": 0
                    },
                    "end": {
                        "line": 1,
                        "column": 33,
                        "offset": 32
                    }
                }
            },
            "type": {
                "type": "NameExpression",
                "name": "number"
            },
            "default": "0"
        }
    ],
    "properties": [],
    "returns": [],
    "sees": [
        {
            "type": "root",
            "children": [
                {
                    "type": "paragraph",
                    "children": [
                        {
                            "type": "link",
                            "title": null,
                            "url": "https://www.mapbox.com/mapbox-gl-js/example/custom-style-layer/",
                            "children": [
                                {
                                    "type": "text",
                                    "value": "Add a custom style layer",
                                    "position": {
                                        "start": {
                                            "line": 1,
                                            "column": 2,
                                            "offset": 1
                                        },
                                        "end": {
                                            "line": 1,
                                            "column": 26,
                                            "offset": 25
                                        },
                                        "indent": []
                                    }
                                }
                            ],
                            "position": {
                                "start": {
                                    "line": 1,
                                    "column": 1,
                                    "offset": 0
                                },
                                "end": {
                                    "line": 1,
                                    "column": 92,
                                    "offset": 91
                                },
                                "indent": []
                            }
                        }
                    ],
                    "position": {
                        "start": {
                            "line": 1,
                            "column": 1,
                            "offset": 0
                        },
                        "end": {
                            "line": 1,
                            "column": 92,
                            "offset": 91
                        },
                        "indent": []
                    }
                }
            ],
            "position": {
                "start": {
                    "line": 1,
                    "column": 1,
                    "offset": 0
                },
                "end": {
                    "line": 1,
                    "column": 92,
                    "offset": 91
                }
            }
        }
    ],
    "throws": [],
    "todos": [],
    "name": "MercatorCoordinate",
    "kind": "class",
    "path": [
        {
            "name": "MercatorCoordinate",
            "kind": "class"
        }
    ],
    "members": {
        "global": [],
        "inner": [],
        "instance": [
            {
                "description": {
                    "type": "root",
                    "children": [
                        {
                            "type": "paragraph",
                            "children": [
                                {
                                    "type": "text",
                                    "value": "Returns the ",
                                    "position": {
                                        "start": {
                                            "line": 1,
                                            "column": 1,
                                            "offset": 0
                                        },
                                        "end": {
                                            "line": 1,
                                            "column": 13,
                                            "offset": 12
                                        },
                                        "indent": []
                                    }
                                },
                                {
                                    "type": "inlineCode",
                                    "value": "LngLat",
                                    "position": {
                                        "start": {
                                            "line": 1,
                                            "column": 13,
                                            "offset": 12
                                        },
                                        "end": {
                                            "line": 1,
                                            "column": 21,
                                            "offset": 20
                                        },
                                        "indent": []
                                    }
                                },
                                {
                                    "type": "text",
                                    "value": " for the coordinate.",
                                    "position": {
                                        "start": {
                                            "line": 1,
                                            "column": 21,
                                            "offset": 20
                                        },
                                        "end": {
                                            "line": 1,
                                            "column": 41,
                                            "offset": 40
                                        },
                                        "indent": []
                                    }
                                }
                            ],
                            "position": {
                                "start": {
                                    "line": 1,
                                    "column": 1,
                                    "offset": 0
                                },
                                "end": {
                                    "line": 1,
                                    "column": 41,
                                    "offset": 40
                                },
                                "indent": []
                            }
                        }
                    ],
                    "position": {
                        "start": {
                            "line": 1,
                            "column": 1,
                            "offset": 0
                        },
                        "end": {
                            "line": 1,
                            "column": 41,
                            "offset": 40
                        }
                    }
                },
                "tags": [
                    {
                        "title": "returns",
                        "description": "The `LngLat` object.",
                        "lineNumber": 3,
                        "type": {
                            "type": "NameExpression",
                            "name": "LngLat"
                        }
                    },
                    {
                        "title": "example",
                        "description": "var coord = new mapboxgl.MercatorCoordinate(0.5, 0.5, 0);\nvar latLng = coord.toLngLat(); // LngLat(0, 0)",
                        "lineNumber": 4
                    }
                ],
                "loc": {
                    "start": {
                        "line": 91,
                        "column": 4
                    },
                    "end": {
                        "line": 98,
                        "column": 7
                    }
                },
                "context": {
                    "loc": {
                        "start": {
                            "line": 99,
                            "column": 4
                        },
                        "end": {
                            "line": 103,
                            "column": 5
                        }
                    },
                    "file": "/Users/mapboxchina/projects/mapbox-gl-js/src/geo/mercator_coordinate.js",
                    "github": {
                        "url": "https://git@github.com/:mapbox/mapbox-gl-js/blob/43037cd3064d8900cdbf34eaf225053e12da17c1/src/geo/mercator_coordinate.js#L99-L103",
                        "path": "src/geo/mercator_coordinate.js"
                    }
                },
                "augments": [],
                "examples": [
                    {
                        "description": "var coord = new mapboxgl.MercatorCoordinate(0.5, 0.5, 0);\nvar latLng = coord.toLngLat(); // LngLat(0, 0)"
                    }
                ],
                "params": [],
                "properties": [],
                "returns": [
                    {
                        "description": {
                            "type": "root",
                            "children": [
                                {
                                    "type": "paragraph",
                                    "children": [
                                        {
                                            "type": "text",
                                            "value": "The ",
                                            "position": {
                                                "start": {
                                                    "line": 1,
                                                    "column": 1,
                                                    "offset": 0
                                                },
                                                "end": {
                                                    "line": 1,
                                                    "column": 5,
                                                    "offset": 4
                                                },
                                                "indent": []
                                            }
                                        },
                                        {
                                            "type": "inlineCode",
                                            "value": "LngLat",
                                            "position": {
                                                "start": {
                                                    "line": 1,
                                                    "column": 5,
                                                    "offset": 4
                                                },
                                                "end": {
                                                    "line": 1,
                                                    "column": 13,
                                                    "offset": 12
                                                },
                                                "indent": []
                                            }
                                        },
                                        {
                                            "type": "text",
                                            "value": " object.",
                                            "position": {
                                                "start": {
                                                    "line": 1,
                                                    "column": 13,
                                                    "offset": 12
                                                },
                                                "end": {
                                                    "line": 1,
                                                    "column": 21,
                                                    "offset": 20
                                                },
                                                "indent": []
                                            }
                                        }
                                    ],
                                    "position": {
                                        "start": {
                                            "line": 1,
                                            "column": 1,
                                            "offset": 0
                                        },
                                        "end": {
                                            "line": 1,
                                            "column": 21,
                                            "offset": 20
                                        },
                                        "indent": []
                                    }
                                }
                            ],
                            "position": {
                                "start": {
                                    "line": 1,
                                    "column": 1,
                                    "offset": 0
                                },
                                "end": {
                                    "line": 1,
                                    "column": 21,
                                    "offset": 20
                                }
                            }
                        },
                        "title": "returns",
                        "type": {
                            "type": "NameExpression",
                            "name": "LngLat"
                        }
                    }
                ],
                "sees": [],
                "throws": [],
                "todos": [],
                "name": "toLngLat",
                "kind": "function",
                "memberof": "MercatorCoordinate",
                "scope": "instance",
                "members": {
                    "global": [],
                    "inner": [],
                    "instance": [],
                    "events": [],
                    "static": []
                },
                "path": [
                    {
                        "name": "MercatorCoordinate",
                        "kind": "class"
                    },
                    {
                        "name": "toLngLat",
                        "kind": "function",
                        "scope": "instance"
                    }
                ],
                "namespace": "MercatorCoordinate#toLngLat"
            },
            {
                "description": {
                    "type": "root",
                    "children": [
                        {
                            "type": "paragraph",
                            "children": [
                                {
                                    "type": "text",
                                    "value": "Returns the altitude in meters of the coordinate.",
                                    "position": {
                                        "start": {
                                            "line": 1,
                                            "column": 1,
                                            "offset": 0
                                        },
                                        "end": {
                                            "line": 1,
                                            "column": 50,
                                            "offset": 49
                                        },
                                        "indent": []
                                    }
                                }
                            ],
                            "position": {
                                "start": {
                                    "line": 1,
                                    "column": 1,
                                    "offset": 0
                                },
                                "end": {
                                    "line": 1,
                                    "column": 50,
                                    "offset": 49
                                },
                                "indent": []
                            }
                        }
                    ],
                    "position": {
                        "start": {
                            "line": 1,
                            "column": 1,
                            "offset": 0
                        },
                        "end": {
                            "line": 1,
                            "column": 50,
                            "offset": 49
                        }
                    }
                },
                "tags": [
                    {
                        "title": "returns",
                        "description": "The altitude in meters.",
                        "lineNumber": 3,
                        "type": {
                            "type": "NameExpression",
                            "name": "number"
                        }
                    },
                    {
                        "title": "example",
                        "description": "var coord = new mapboxgl.MercatorCoordinate(0, 0, 0.02);\ncoord.toAltitude(); // 6914.281956295339",
                        "lineNumber": 4
                    }
                ],
                "loc": {
                    "start": {
                        "line": 105,
                        "column": 4
                    },
                    "end": {
                        "line": 112,
                        "column": 7
                    }
                },
                "context": {
                    "loc": {
                        "start": {
                            "line": 113,
                            "column": 4
                        },
                        "end": {
                            "line": 115,
                            "column": 5
                        }
                    },
                    "file": "/Users/mapboxchina/projects/mapbox-gl-js/src/geo/mercator_coordinate.js",
                    "github": {
                        "url": "https://git@github.com/:mapbox/mapbox-gl-js/blob/43037cd3064d8900cdbf34eaf225053e12da17c1/src/geo/mercator_coordinate.js#L113-L115",
                        "path": "src/geo/mercator_coordinate.js"
                    }
                },
                "augments": [],
                "examples": [
                    {
                        "description": "var coord = new mapboxgl.MercatorCoordinate(0, 0, 0.02);\ncoord.toAltitude(); // 6914.281956295339"
                    }
                ],
                "params": [],
                "properties": [],
                "returns": [
                    {
                        "description": {
                            "type": "root",
                            "children": [
                                {
                                    "type": "paragraph",
                                    "children": [
                                        {
                                            "type": "text",
                                            "value": "The altitude in meters.",
                                            "position": {
                                                "start": {
                                                    "line": 1,
                                                    "column": 1,
                                                    "offset": 0
                                                },
                                                "end": {
                                                    "line": 1,
                                                    "column": 24,
                                                    "offset": 23
                                                },
                                                "indent": []
                                            }
                                        }
                                    ],
                                    "position": {
                                        "start": {
                                            "line": 1,
                                            "column": 1,
                                            "offset": 0
                                        },
                                        "end": {
                                            "line": 1,
                                            "column": 24,
                                            "offset": 23
                                        },
                                        "indent": []
                                    }
                                }
                            ],
                            "position": {
                                "start": {
                                    "line": 1,
                                    "column": 1,
                                    "offset": 0
                                },
                                "end": {
                                    "line": 1,
                                    "column": 24,
                                    "offset": 23
                                }
                            }
                        },
                        "title": "returns",
                        "type": {
                            "type": "NameExpression",
                            "name": "number"
                        }
                    }
                ],
                "sees": [],
                "throws": [],
                "todos": [],
                "name": "toAltitude",
                "kind": "function",
                "memberof": "MercatorCoordinate",
                "scope": "instance",
                "members": {
                    "global": [],
                    "inner": [],
                    "instance": [],
                    "events": [],
                    "static": []
                },
                "path": [
                    {
                        "name": "MercatorCoordinate",
                        "kind": "class"
                    },
                    {
                        "name": "toAltitude",
                        "kind": "function",
                        "scope": "instance"
                    }
                ],
                "namespace": "MercatorCoordinate#toAltitude"
            }
        ],
        "events": [],
        "static": [
            {
                "description": {
                    "type": "root",
                    "children": [
                        {
                            "type": "paragraph",
                            "children": [
                                {
                                    "type": "text",
                                    "value": "Project a ",
                                    "position": {
                                        "start": {
                                            "line": 1,
                                            "column": 1,
                                            "offset": 0
                                        },
                                        "end": {
                                            "line": 1,
                                            "column": 11,
                                            "offset": 10
                                        },
                                        "indent": []
                                    }
                                },
                                {
                                    "type": "inlineCode",
                                    "value": "LngLat",
                                    "position": {
                                        "start": {
                                            "line": 1,
                                            "column": 11,
                                            "offset": 10
                                        },
                                        "end": {
                                            "line": 1,
                                            "column": 19,
                                            "offset": 18
                                        },
                                        "indent": []
                                    }
                                },
                                {
                                    "type": "text",
                                    "value": " to a ",
                                    "position": {
                                        "start": {
                                            "line": 1,
                                            "column": 19,
                                            "offset": 18
                                        },
                                        "end": {
                                            "line": 1,
                                            "column": 25,
                                            "offset": 24
                                        },
                                        "indent": []
                                    }
                                },
                                {
                                    "type": "inlineCode",
                                    "value": "MercatorCoordinate",
                                    "position": {
                                        "start": {
                                            "line": 1,
                                            "column": 25,
                                            "offset": 24
                                        },
                                        "end": {
                                            "line": 1,
                                            "column": 45,
                                            "offset": 44
                                        },
                                        "indent": []
                                    }
                                },
                                {
                                    "type": "text",
                                    "value": ".",
                                    "position": {
                                        "start": {
                                            "line": 1,
                                            "column": 45,
                                            "offset": 44
                                        },
                                        "end": {
                                            "line": 1,
                                            "column": 46,
                                            "offset": 45
                                        },
                                        "indent": []
                                    }
                                }
                            ],
                            "position": {
                                "start": {
                                    "line": 1,
                                    "column": 1,
                                    "offset": 0
                                },
                                "end": {
                                    "line": 1,
                                    "column": 46,
                                    "offset": 45
                                },
                                "indent": []
                            }
                        }
                    ],
                    "position": {
                        "start": {
                            "line": 1,
                            "column": 1,
                            "offset": 0
                        },
                        "end": {
                            "line": 1,
                            "column": 46,
                            "offset": 45
                        }
                    }
                },
                "tags": [
                    {
                        "title": "param",
                        "description": "The location to project.",
                        "lineNumber": 3,
                        "type": {
                            "type": "NameExpression",
                            "name": "LngLatLike"
                        },
                        "name": "lngLatLike"
                    },
                    {
                        "title": "param",
                        "description": "The altitude in meters of the position.",
                        "lineNumber": 4,
                        "type": {
                            "type": "NameExpression",
                            "name": "number"
                        },
                        "name": "altitude"
                    },
                    {
                        "title": "returns",
                        "description": "The projected mercator coordinate.",
                        "lineNumber": 5,
                        "type": {
                            "type": "NameExpression",
                            "name": "MercatorCoordinate"
                        }
                    },
                    {
                        "title": "example",
                        "description": "var coord = mapboxgl.MercatorCoordinate.fromLngLat({ lng: 0, lat: 0}, 0);\ncoord; // MercatorCoordinate(0.5, 0.5, 0)",
                        "lineNumber": 6
                    }
                ],
                "loc": {
                    "start": {
                        "line": 72,
                        "column": 4
                    },
                    "end": {
                        "line": 81,
                        "column": 7
                    }
                },
                "context": {
                    "loc": {
                        "start": {
                            "line": 82,
                            "column": 4
                        },
                        "end": {
                            "line": 89,
                            "column": 5
                        }
                    },
                    "file": "/Users/mapboxchina/projects/mapbox-gl-js/src/geo/mercator_coordinate.js",
                    "github": {
                        "url": "https://git@github.com/:mapbox/mapbox-gl-js/blob/43037cd3064d8900cdbf34eaf225053e12da17c1/src/geo/mercator_coordinate.js#L82-L89",
                        "path": "src/geo/mercator_coordinate.js"
                    }
                },
                "augments": [],
                "examples": [
                    {
                        "description": "var coord = mapboxgl.MercatorCoordinate.fromLngLat({ lng: 0, lat: 0}, 0);\ncoord; // MercatorCoordinate(0.5, 0.5, 0)"
                    }
                ],
                "params": [
                    {
                        "title": "param",
                        "name": "lngLatLike",
                        "lineNumber": 3,
                        "description": {
                            "type": "root",
                            "children": [
                                {
                                    "type": "paragraph",
                                    "children": [
                                        {
                                            "type": "text",
                                            "value": "The location to project.",
                                            "position": {
                                                "start": {
                                                    "line": 1,
                                                    "column": 1,
                                                    "offset": 0
                                                },
                                                "end": {
                                                    "line": 1,
                                                    "column": 25,
                                                    "offset": 24
                                                },
                                                "indent": []
                                            }
                                        }
                                    ],
                                    "position": {
                                        "start": {
                                            "line": 1,
                                            "column": 1,
                                            "offset": 0
                                        },
                                        "end": {
                                            "line": 1,
                                            "column": 25,
                                            "offset": 24
                                        },
                                        "indent": []
                                    }
                                }
                            ],
                            "position": {
                                "start": {
                                    "line": 1,
                                    "column": 1,
                                    "offset": 0
                                },
                                "end": {
                                    "line": 1,
                                    "column": 25,
                                    "offset": 24
                                }
                            }
                        },
                        "type": {
                            "type": "NameExpression",
                            "name": "LngLatLike"
                        }
                    },
                    {
                        "title": "param",
                        "name": "altitude",
                        "lineNumber": 4,
                        "description": {
                            "type": "root",
                            "children": [
                                {
                                    "type": "paragraph",
                                    "children": [
                                        {
                                            "type": "text",
                                            "value": "The altitude in meters of the position.",
                                            "position": {
                                                "start": {
                                                    "line": 1,
                                                    "column": 1,
                                                    "offset": 0
                                                },
                                                "end": {
                                                    "line": 1,
                                                    "column": 40,
                                                    "offset": 39
                                                },
                                                "indent": []
                                            }
                                        }
                                    ],
                                    "position": {
                                        "start": {
                                            "line": 1,
                                            "column": 1,
                                            "offset": 0
                                        },
                                        "end": {
                                            "line": 1,
                                            "column": 40,
                                            "offset": 39
                                        },
                                        "indent": []
                                    }
                                }
                            ],
                            "position": {
                                "start": {
                                    "line": 1,
                                    "column": 1,
                                    "offset": 0
                                },
                                "end": {
                                    "line": 1,
                                    "column": 40,
                                    "offset": 39
                                }
                            }
                        },
                        "type": {
                            "type": "NameExpression",
                            "name": "number"
                        },
                        "default": "0"
                    }
                ],
                "properties": [],
                "returns": [
                    {
                        "description": {
                            "type": "root",
                            "children": [
                                {
                                    "type": "paragraph",
                                    "children": [
                                        {
                                            "type": "text",
                                            "value": "The projected mercator coordinate.",
                                            "position": {
                                                "start": {
                                                    "line": 1,
                                                    "column": 1,
                                                    "offset": 0
                                                },
                                                "end": {
                                                    "line": 1,
                                                    "column": 35,
                                                    "offset": 34
                                                },
                                                "indent": []
                                            }
                                        }
                                    ],
                                    "position": {
                                        "start": {
                                            "line": 1,
                                            "column": 1,
                                            "offset": 0
                                        },
                                        "end": {
                                            "line": 1,
                                            "column": 35,
                                            "offset": 34
                                        },
                                        "indent": []
                                    }
                                }
                            ],
                            "position": {
                                "start": {
                                    "line": 1,
                                    "column": 1,
                                    "offset": 0
                                },
                                "end": {
                                    "line": 1,
                                    "column": 35,
                                    "offset": 34
                                }
                            }
                        },
                        "title": "returns",
                        "type": {
                            "type": "NameExpression",
                            "name": "MercatorCoordinate"
                        }
                    }
                ],
                "sees": [],
                "throws": [],
                "todos": [],
                "name": "fromLngLat",
                "kind": "function",
                "memberof": "MercatorCoordinate",
                "scope": "static",
                "members": {
                    "global": [],
                    "inner": [],
                    "instance": [],
                    "events": [],
                    "static": []
                },
                "path": [
                    {
                        "name": "MercatorCoordinate",
                        "kind": "class"
                    },
                    {
                        "name": "fromLngLat",
                        "kind": "function",
                        "scope": "static"
                    }
                ],
                "namespace": "MercatorCoordinate.fromLngLat"
            }
        ]
    },
    "namespace": "MercatorCoordinate"
}