{
    "description": {
        "type": "root",
        "children": [
            {
                "type": "paragraph",
                "children": [
                    {
                        "type": "text",
                        "value": "Options for setting padding on a call to ",
                        "position": {
                            "start": {
                                "line": 1,
                                "column": 1,
                                "offset": 0
                            },
                            "end": {
                                "line": 1,
                                "column": 42,
                                "offset": 41
                            },
                            "indent": []
                        }
                    },
                    {
                        "type": "link",
                        "url": "Map#fitBounds",
                        "title": null,
                        "jsdoc": true,
                        "children": [
                            {
                                "type": "text",
                                "value": "Map#fitBounds"
                            }
                        ],
                        "position": {
                            "start": {
                                "line": 1,
                                "column": 42,
                                "offset": 41
                            },
                            "end": {
                                "line": 1,
                                "column": 63,
                                "offset": 62
                            },
                            "indent": []
                        }
                    },
                    {
                        "type": "text",
                        "value": ". All properties of this object must be\nnon-negative integers.",
                        "position": {
                            "start": {
                                "line": 1,
                                "column": 63,
                                "offset": 62
                            },
                            "end": {
                                "line": 2,
                                "column": 23,
                                "offset": 124
                            },
                            "indent": [
                                1
                            ]
                        }
                    }
                ],
                "position": {
                    "start": {
                        "line": 1,
                        "column": 1,
                        "offset": 0
                    },
                    "end": {
                        "line": 2,
                        "column": 23,
                        "offset": 124
                    },
                    "indent": [
                        1
                    ]
                }
            }
        ],
        "position": {
            "start": {
                "line": 1,
                "column": 1,
                "offset": 0
            },
            "end": {
                "line": 2,
                "column": 23,
                "offset": 124
            }
        }
    },
    "tags": [
        {
            "title": "typedef",
            "description": null,
            "lineNumber": 4,
            "type": {
                "type": "NameExpression",
                "name": "Object"
            },
            "name": "PaddingOptions"
        },
        {
            "title": "property",
            "description": "Padding in pixels from the top of the map canvas.",
            "lineNumber": 5,
            "type": {
                "type": "NameExpression",
                "name": "number"
            },
            "name": "top"
        },
        {
            "title": "property",
            "description": "Padding in pixels from the bottom of the map canvas.",
            "lineNumber": 6,
            "type": {
                "type": "NameExpression",
                "name": "number"
            },
            "name": "bottom"
        },
        {
            "title": "property",
            "description": "Padding in pixels from the left of the map canvas.",
            "lineNumber": 7,
            "type": {
                "type": "NameExpression",
                "name": "number"
            },
            "name": "left"
        },
        {
            "title": "property",
            "description": "Padding in pixels from the right of the map canvas.",
            "lineNumber": 8,
            "type": {
                "type": "NameExpression",
                "name": "number"
            },
            "name": "right"
        }
    ],
    "loc": {
        "start": {
            "line": 66,
            "column": 0
        },
        "end": {
            "line": 75,
            "column": 3
        }
    },
    "context": {
        "loc": {
            "start": {
                "line": 77,
                "column": 0
            },
            "end": {
                "line": 1088,
                "column": 1
            }
        },
        "file": "/Users/mapboxchina/projects/mapbox-gl-js/src/ui/camera.js",
        "github": {
            "url": "https://git@github.com/:mapbox/mapbox-gl-js/blob/43037cd3064d8900cdbf34eaf225053e12da17c1/src/ui/camera.js#L66-L75",
            "path": "src/ui/camera.js"
        }
    },
    "augments": [],
    "examples": [],
    "params": [],
    "properties": [
        {
            "title": "property",
            "name": "top",
            "lineNumber": 5,
            "description": {
                "type": "root",
                "children": [
                    {
                        "type": "paragraph",
                        "children": [
                            {
                                "type": "text",
                                "value": "Padding in pixels from the top of the map canvas.",
                                "position": {
                                    "start": {
                                        "line": 1,
                                        "column": 1,
                                        "offset": 0
                                    },
                                    "end": {
                                        "line": 1,
                                        "column": 50,
                                        "offset": 49
                                    },
                                    "indent": []
                                }
                            }
                        ],
                        "position": {
                            "start": {
                                "line": 1,
                                "column": 1,
                                "offset": 0
                            },
                            "end": {
                                "line": 1,
                                "column": 50,
                                "offset": 49
                            },
                            "indent": []
                        }
                    }
                ],
                "position": {
                    "start": {
                        "line": 1,
                        "column": 1,
                        "offset": 0
                    },
                    "end": {
                        "line": 1,
                        "column": 50,
                        "offset": 49
                    }
                }
            },
            "type": {
                "type": "NameExpression",
                "name": "number"
            }
        },
        {
            "title": "property",
            "name": "bottom",
            "lineNumber": 6,
            "description": {
                "type": "root",
                "children": [
                    {
                        "type": "paragraph",
                        "children": [
                            {
                                "type": "text",
                                "value": "Padding in pixels from the bottom of the map canvas.",
                                "position": {
                                    "start": {
                                        "line": 1,
                                        "column": 1,
                                        "offset": 0
                                    },
                                    "end": {
                                        "line": 1,
                                        "column": 53,
                                        "offset": 52
                                    },
                                    "indent": []
                                }
                            }
                        ],
                        "position": {
                            "start": {
                                "line": 1,
                                "column": 1,
                                "offset": 0
                            },
                            "end": {
                                "line": 1,
                                "column": 53,
                                "offset": 52
                            },
                            "indent": []
                        }
                    }
                ],
                "position": {
                    "start": {
                        "line": 1,
                        "column": 1,
                        "offset": 0
                    },
                    "end": {
                        "line": 1,
                        "column": 53,
                        "offset": 52
                    }
                }
            },
            "type": {
                "type": "NameExpression",
                "name": "number"
            }
        },
        {
            "title": "property",
            "name": "left",
            "lineNumber": 7,
            "description": {
                "type": "root",
                "children": [
                    {
                        "type": "paragraph",
                        "children": [
                            {
                                "type": "text",
                                "value": "Padding in pixels from the left of the map canvas.",
                                "position": {
                                    "start": {
                                        "line": 1,
                                        "column": 1,
                                        "offset": 0
                                    },
                                    "end": {
                                        "line": 1,
                                        "column": 51,
                                        "offset": 50
                                    },
                                    "indent": []
                                }
                            }
                        ],
                        "position": {
                            "start": {
                                "line": 1,
                                "column": 1,
                                "offset": 0
                            },
                            "end": {
                                "line": 1,
                                "column": 51,
                                "offset": 50
                            },
                            "indent": []
                        }
                    }
                ],
                "position": {
                    "start": {
                        "line": 1,
                        "column": 1,
                        "offset": 0
                    },
                    "end": {
                        "line": 1,
                        "column": 51,
                        "offset": 50
                    }
                }
            },
            "type": {
                "type": "NameExpression",
                "name": "number"
            }
        },
        {
            "title": "property",
            "name": "right",
            "lineNumber": 8,
            "description": {
                "type": "root",
                "children": [
                    {
                        "type": "paragraph",
                        "children": [
                            {
                                "type": "text",
                                "value": "Padding in pixels from the right of the map canvas.",
                                "position": {
                                    "start": {
                                        "line": 1,
                                        "column": 1,
                                        "offset": 0
                                    },
                                    "end": {
                                        "line": 1,
                                        "column": 52,
                                        "offset": 51
                                    },
                                    "indent": []
                                }
                            }
                        ],
                        "position": {
                            "start": {
                                "line": 1,
                                "column": 1,
                                "offset": 0
                            },
                            "end": {
                                "line": 1,
                                "column": 52,
                                "offset": 51
                            },
                            "indent": []
                        }
                    }
                ],
                "position": {
                    "start": {
                        "line": 1,
                        "column": 1,
                        "offset": 0
                    },
                    "end": {
                        "line": 1,
                        "column": 52,
                        "offset": 51
                    }
                }
            },
            "type": {
                "type": "NameExpression",
                "name": "number"
            }
        }
    ],
    "returns": [],
    "sees": [],
    "throws": [],
    "todos": [],
    "kind": "typedef",
    "name": "PaddingOptions",
    "type": {
        "type": "NameExpression",
        "name": "Object"
    },
    "path": [
        {
            "name": "PaddingOptions",
            "kind": "typedef"
        }
    ],
    "members": {
        "global": [],
        "inner": [],
        "instance": [],
        "events": [],
        "static": []
    },
    "namespace": "PaddingOptions"
}