{
    "description": {
        "type": "root",
        "children": [
            {
                "type": "paragraph",
                "children": [
                    {
                        "type": "text",
                        "value": "A ",
                        "position": {
                            "start": {
                                "line": 1,
                                "column": 1,
                                "offset": 0
                            },
                            "end": {
                                "line": 1,
                                "column": 3,
                                "offset": 2
                            },
                            "indent": []
                        }
                    },
                    {
                        "type": "link",
                        "url": "Point",
                        "title": null,
                        "jsdoc": true,
                        "children": [
                            {
                                "type": "text",
                                "value": "Point"
                            }
                        ],
                        "position": {
                            "start": {
                                "line": 1,
                                "column": 3,
                                "offset": 2
                            },
                            "end": {
                                "line": 1,
                                "column": 16,
                                "offset": 15
                            },
                            "indent": []
                        }
                    },
                    {
                        "type": "text",
                        "value": " or an array of two numbers representing ",
                        "position": {
                            "start": {
                                "line": 1,
                                "column": 16,
                                "offset": 15
                            },
                            "end": {
                                "line": 1,
                                "column": 57,
                                "offset": 56
                            },
                            "indent": []
                        }
                    },
                    {
                        "type": "inlineCode",
                        "value": "x",
                        "position": {
                            "start": {
                                "line": 1,
                                "column": 57,
                                "offset": 56
                            },
                            "end": {
                                "line": 1,
                                "column": 60,
                                "offset": 59
                            },
                            "indent": []
                        }
                    },
                    {
                        "type": "text",
                        "value": " and ",
                        "position": {
                            "start": {
                                "line": 1,
                                "column": 60,
                                "offset": 59
                            },
                            "end": {
                                "line": 1,
                                "column": 65,
                                "offset": 64
                            },
                            "indent": []
                        }
                    },
                    {
                        "type": "inlineCode",
                        "value": "y",
                        "position": {
                            "start": {
                                "line": 1,
                                "column": 65,
                                "offset": 64
                            },
                            "end": {
                                "line": 1,
                                "column": 68,
                                "offset": 67
                            },
                            "indent": []
                        }
                    },
                    {
                        "type": "text",
                        "value": " screen coordinates in pixels.",
                        "position": {
                            "start": {
                                "line": 1,
                                "column": 68,
                                "offset": 67
                            },
                            "end": {
                                "line": 1,
                                "column": 98,
                                "offset": 97
                            },
                            "indent": []
                        }
                    }
                ],
                "position": {
                    "start": {
                        "line": 1,
                        "column": 1,
                        "offset": 0
                    },
                    "end": {
                        "line": 1,
                        "column": 98,
                        "offset": 97
                    },
                    "indent": []
                }
            }
        ],
        "position": {
            "start": {
                "line": 1,
                "column": 1,
                "offset": 0
            },
            "end": {
                "line": 1,
                "column": 98,
                "offset": 97
            }
        }
    },
    "tags": [
        {
            "title": "typedef",
            "description": null,
            "lineNumber": 3,
            "type": {
                "type": "UnionType",
                "elements": [
                    {
                        "type": "NameExpression",
                        "name": "Point"
                    },
                    {
                        "type": "TypeApplication",
                        "expression": {
                            "type": "NameExpression",
                            "name": "Array"
                        },
                        "applications": [
                            {
                                "type": "NameExpression",
                                "name": "number"
                            }
                        ]
                    }
                ]
            },
            "name": "PointLike"
        }
    ],
    "loc": {
        "start": {
            "line": 2044,
            "column": 0
        },
        "end": {
            "line": 2048,
            "column": 3
        }
    },
    "context": {
        "loc": {
            "start": {
                "line": 1944,
                "column": 0
            },
            "end": {
                "line": 1948,
                "column": 1
            }
        },
        "file": "/Users/mapboxchina/projects/mapbox-gl-js/src/ui/map.js",
        "github": {
            "url": "https://git@github.com/:mapbox/mapbox-gl-js/blob/43037cd3064d8900cdbf34eaf225053e12da17c1/src/ui/map.js#L2044-L2048",
            "path": "src/ui/map.js"
        }
    },
    "augments": [],
    "examples": [],
    "params": [],
    "properties": [],
    "returns": [],
    "sees": [],
    "throws": [],
    "todos": [],
    "kind": "typedef",
    "name": "PointLike",
    "type": {
        "type": "UnionType",
        "elements": [
            {
                "type": "NameExpression",
                "name": "Point"
            },
            {
                "type": "TypeApplication",
                "expression": {
                    "type": "NameExpression",
                    "name": "Array"
                },
                "applications": [
                    {
                        "type": "NameExpression",
                        "name": "number"
                    }
                ]
            }
        ]
    },
    "path": [
        {
            "name": "PointLike",
            "kind": "typedef"
        }
    ],
    "members": {
        "global": [],
        "inner": [],
        "instance": [],
        "events": [],
        "static": []
    },
    "namespace": "PointLike"
}