{
    "description": {
        "type": "root",
        "children": [
            {
                "type": "paragraph",
                "children": [
                    {
                        "type": "text",
                        "value": "A ",
                        "position": {
                            "start": {
                                "line": 1,
                                "column": 1,
                                "offset": 0
                            },
                            "end": {
                                "line": 1,
                                "column": 3,
                                "offset": 2
                            },
                            "indent": []
                        }
                    },
                    {
                        "type": "link",
                        "title": null,
                        "url": "https://github.com/mapbox/point-geometry",
                        "children": [
                            {
                                "type": "inlineCode",
                                "value": "Point",
                                "position": {
                                    "start": {
                                        "line": 1,
                                        "column": 4,
                                        "offset": 3
                                    },
                                    "end": {
                                        "line": 1,
                                        "column": 11,
                                        "offset": 10
                                    },
                                    "indent": []
                                }
                            },
                            {
                                "type": "text",
                                "value": " geometry",
                                "position": {
                                    "start": {
                                        "line": 1,
                                        "column": 11,
                                        "offset": 10
                                    },
                                    "end": {
                                        "line": 1,
                                        "column": 20,
                                        "offset": 19
                                    },
                                    "indent": []
                                }
                            }
                        ],
                        "position": {
                            "start": {
                                "line": 1,
                                "column": 3,
                                "offset": 2
                            },
                            "end": {
                                "line": 1,
                                "column": 63,
                                "offset": 62
                            },
                            "indent": []
                        }
                    },
                    {
                        "type": "text",
                        "value": " object, which has\n",
                        "position": {
                            "start": {
                                "line": 1,
                                "column": 63,
                                "offset": 62
                            },
                            "end": {
                                "line": 2,
                                "column": 1,
                                "offset": 81
                            },
                            "indent": [
                                1
                            ]
                        }
                    },
                    {
                        "type": "inlineCode",
                        "value": "x",
                        "position": {
                            "start": {
                                "line": 2,
                                "column": 1,
                                "offset": 81
                            },
                            "end": {
                                "line": 2,
                                "column": 4,
                                "offset": 84
                            },
                            "indent": []
                        }
                    },
                    {
                        "type": "text",
                        "value": " and ",
                        "position": {
                            "start": {
                                "line": 2,
                                "column": 4,
                                "offset": 84
                            },
                            "end": {
                                "line": 2,
                                "column": 9,
                                "offset": 89
                            },
                            "indent": []
                        }
                    },
                    {
                        "type": "inlineCode",
                        "value": "y",
                        "position": {
                            "start": {
                                "line": 2,
                                "column": 9,
                                "offset": 89
                            },
                            "end": {
                                "line": 2,
                                "column": 12,
                                "offset": 92
                            },
                            "indent": []
                        }
                    },
                    {
                        "type": "text",
                        "value": " properties representing screen coordinates in pixels.",
                        "position": {
                            "start": {
                                "line": 2,
                                "column": 12,
                                "offset": 92
                            },
                            "end": {
                                "line": 2,
                                "column": 66,
                                "offset": 146
                            },
                            "indent": []
                        }
                    }
                ],
                "position": {
                    "start": {
                        "line": 1,
                        "column": 1,
                        "offset": 0
                    },
                    "end": {
                        "line": 2,
                        "column": 66,
                        "offset": 146
                    },
                    "indent": [
                        1
                    ]
                }
            }
        ],
        "position": {
            "start": {
                "line": 1,
                "column": 1,
                "offset": 0
            },
            "end": {
                "line": 2,
                "column": 66,
                "offset": 146
            }
        }
    },
    "tags": [
        {
            "title": "typedef",
            "description": null,
            "lineNumber": 4,
            "type": {
                "type": "NameExpression",
                "name": "Object"
            },
            "name": "Point"
        }
    ],
    "loc": {
        "start": {
            "line": 2037,
            "column": 0
        },
        "end": {
            "line": 2042,
            "column": 3
        }
    },
    "context": {
        "loc": {
            "start": {
                "line": 1944,
                "column": 0
            },
            "end": {
                "line": 1948,
                "column": 1
            }
        },
        "file": "/Users/mapboxchina/projects/mapbox-gl-js/src/ui/map.js",
        "github": {
            "url": "https://git@github.com/:mapbox/mapbox-gl-js/blob/43037cd3064d8900cdbf34eaf225053e12da17c1/src/ui/map.js#L2037-L2042",
            "path": "src/ui/map.js"
        }
    },
    "augments": [],
    "examples": [],
    "params": [],
    "properties": [],
    "returns": [],
    "sees": [],
    "throws": [],
    "todos": [],
    "kind": "typedef",
    "name": "Point",
    "type": {
        "type": "NameExpression",
        "name": "Object"
    },
    "path": [
        {
            "name": "Point",
            "kind": "typedef"
        }
    ],
    "members": {
        "global": [],
        "inner": [],
        "instance": [],
        "events": [],
        "static": []
    },
    "namespace": "Point"
}