{
    "description": {
        "type": "root",
        "children": [
            {
                "type": "paragraph",
                "children": [
                    {
                        "type": "text",
                        "value": "A ",
                        "position": {
                            "start": {
                                "line": 1,
                                "column": 1,
                                "offset": 0
                            },
                            "end": {
                                "line": 1,
                                "column": 3,
                                "offset": 2
                            },
                            "indent": []
                        }
                    },
                    {
                        "type": "inlineCode",
                        "value": "RequestParameters",
                        "position": {
                            "start": {
                                "line": 1,
                                "column": 3,
                                "offset": 2
                            },
                            "end": {
                                "line": 1,
                                "column": 22,
                                "offset": 21
                            },
                            "indent": []
                        }
                    },
                    {
                        "type": "text",
                        "value": " object to be returned from Map.options.transformRequest callbacks.",
                        "position": {
                            "start": {
                                "line": 1,
                                "column": 22,
                                "offset": 21
                            },
                            "end": {
                                "line": 1,
                                "column": 89,
                                "offset": 88
                            },
                            "indent": []
                        }
                    }
                ],
                "position": {
                    "start": {
                        "line": 1,
                        "column": 1,
                        "offset": 0
                    },
                    "end": {
                        "line": 1,
                        "column": 89,
                        "offset": 88
                    },
                    "indent": []
                }
            }
        ],
        "position": {
            "start": {
                "line": 1,
                "column": 1,
                "offset": 0
            },
            "end": {
                "line": 1,
                "column": 89,
                "offset": 88
            }
        }
    },
    "tags": [
        {
            "title": "typedef",
            "description": null,
            "lineNumber": 2,
            "type": {
                "type": "NameExpression",
                "name": "Object"
            },
            "name": "RequestParameters"
        },
        {
            "title": "property",
            "description": "The URL to be requested.",
            "lineNumber": 3,
            "type": {
                "type": "NameExpression",
                "name": "string"
            },
            "name": "url"
        },
        {
            "title": "property",
            "description": "The headers to be sent with the request.",
            "lineNumber": 4,
            "type": {
                "type": "NameExpression",
                "name": "Object"
            },
            "name": "headers"
        },
        {
            "title": "property",
            "description": "`'same-origin'|'include'` Use 'include' to send cookies with cross-origin requests.",
            "lineNumber": 5,
            "type": {
                "type": "NameExpression",
                "name": "string"
            },
            "name": "credentials"
        }
    ],
    "loc": {
        "start": {
            "line": 35,
            "column": 0
        },
        "end": {
            "line": 41,
            "column": 3
        }
    },
    "context": {
        "loc": {
            "start": {
                "line": 42,
                "column": 0
            },
            "end": {
                "line": 50,
                "column": 2
            }
        },
        "file": "/Users/mapboxchina/projects/mapbox-gl-js/src/util/ajax.js",
        "github": {
            "url": "https://git@github.com/:mapbox/mapbox-gl-js/blob/43037cd3064d8900cdbf34eaf225053e12da17c1/src/util/ajax.js#L35-L41",
            "path": "src/util/ajax.js"
        }
    },
    "augments": [],
    "examples": [],
    "params": [],
    "properties": [
        {
            "title": "property",
            "name": "url",
            "lineNumber": 3,
            "description": {
                "type": "root",
                "children": [
                    {
                        "type": "paragraph",
                        "children": [
                            {
                                "type": "text",
                                "value": "The URL to be requested.",
                                "position": {
                                    "start": {
                                        "line": 1,
                                        "column": 1,
                                        "offset": 0
                                    },
                                    "end": {
                                        "line": 1,
                                        "column": 25,
                                        "offset": 24
                                    },
                                    "indent": []
                                }
                            }
                        ],
                        "position": {
                            "start": {
                                "line": 1,
                                "column": 1,
                                "offset": 0
                            },
                            "end": {
                                "line": 1,
                                "column": 25,
                                "offset": 24
                            },
                            "indent": []
                        }
                    }
                ],
                "position": {
                    "start": {
                        "line": 1,
                        "column": 1,
                        "offset": 0
                    },
                    "end": {
                        "line": 1,
                        "column": 25,
                        "offset": 24
                    }
                }
            },
            "type": {
                "type": "NameExpression",
                "name": "string"
            }
        },
        {
            "title": "property",
            "name": "headers",
            "lineNumber": 4,
            "description": {
                "type": "root",
                "children": [
                    {
                        "type": "paragraph",
                        "children": [
                            {
                                "type": "text",
                                "value": "The headers to be sent with the request.",
                                "position": {
                                    "start": {
                                        "line": 1,
                                        "column": 1,
                                        "offset": 0
                                    },
                                    "end": {
                                        "line": 1,
                                        "column": 41,
                                        "offset": 40
                                    },
                                    "indent": []
                                }
                            }
                        ],
                        "position": {
                            "start": {
                                "line": 1,
                                "column": 1,
                                "offset": 0
                            },
                            "end": {
                                "line": 1,
                                "column": 41,
                                "offset": 40
                            },
                            "indent": []
                        }
                    }
                ],
                "position": {
                    "start": {
                        "line": 1,
                        "column": 1,
                        "offset": 0
                    },
                    "end": {
                        "line": 1,
                        "column": 41,
                        "offset": 40
                    }
                }
            },
            "type": {
                "type": "NameExpression",
                "name": "Object"
            }
        },
        {
            "title": "property",
            "name": "credentials",
            "lineNumber": 5,
            "description": {
                "type": "root",
                "children": [
                    {
                        "type": "paragraph",
                        "children": [
                            {
                                "type": "inlineCode",
                                "value": "'same-origin'|'include'",
                                "position": {
                                    "start": {
                                        "line": 1,
                                        "column": 1,
                                        "offset": 0
                                    },
                                    "end": {
                                        "line": 1,
                                        "column": 26,
                                        "offset": 25
                                    },
                                    "indent": []
                                }
                            },
                            {
                                "type": "text",
                                "value": " Use 'include' to send cookies with cross-origin requests.",
                                "position": {
                                    "start": {
                                        "line": 1,
                                        "column": 26,
                                        "offset": 25
                                    },
                                    "end": {
                                        "line": 1,
                                        "column": 84,
                                        "offset": 83
                                    },
                                    "indent": []
                                }
                            }
                        ],
                        "position": {
                            "start": {
                                "line": 1,
                                "column": 1,
                                "offset": 0
                            },
                            "end": {
                                "line": 1,
                                "column": 84,
                                "offset": 83
                            },
                            "indent": []
                        }
                    }
                ],
                "position": {
                    "start": {
                        "line": 1,
                        "column": 1,
                        "offset": 0
                    },
                    "end": {
                        "line": 1,
                        "column": 84,
                        "offset": 83
                    }
                }
            },
            "type": {
                "type": "NameExpression",
                "name": "string"
            }
        }
    ],
    "returns": [],
    "sees": [],
    "throws": [],
    "todos": [],
    "kind": "typedef",
    "name": "RequestParameters",
    "type": {
        "type": "NameExpression",
        "name": "Object"
    },
    "path": [
        {
            "name": "RequestParameters",
            "kind": "typedef"
        }
    ],
    "members": {
        "global": [],
        "inner": [],
        "instance": [],
        "events": [],
        "static": []
    },
    "namespace": "RequestParameters"
}