{
    "description": {
        "type": "root",
        "children": [
            {
                "type": "paragraph",
                "children": [
                    {
                        "type": "text",
                        "value": "Interface for dynamically generated style images. This is a specification for\nimplementers to model: it is not an exported method or class.",
                        "position": {
                            "start": {
                                "line": 1,
                                "column": 1,
                                "offset": 0
                            },
                            "end": {
                                "line": 2,
                                "column": 62,
                                "offset": 139
                            },
                            "indent": [
                                1
                            ]
                        }
                    }
                ],
                "position": {
                    "start": {
                        "line": 1,
                        "column": 1,
                        "offset": 0
                    },
                    "end": {
                        "line": 2,
                        "column": 62,
                        "offset": 139
                    },
                    "indent": [
                        1
                    ]
                }
            },
            {
                "type": "paragraph",
                "children": [
                    {
                        "type": "text",
                        "value": "Images implementing this interface can be redrawn for every frame. They can be used to animate\nicons and patterns or make them respond to user input. Style images can implement a\n",
                        "position": {
                            "start": {
                                "line": 4,
                                "column": 1,
                                "offset": 141
                            },
                            "end": {
                                "line": 6,
                                "column": 1,
                                "offset": 320
                            },
                            "indent": [
                                1,
                                1
                            ]
                        }
                    },
                    {
                        "type": "link",
                        "url": "StyleImageInterface#render",
                        "title": null,
                        "jsdoc": true,
                        "children": [
                            {
                                "type": "text",
                                "value": "StyleImageInterface#render"
                            }
                        ],
                        "position": {
                            "start": {
                                "line": 6,
                                "column": 1,
                                "offset": 320
                            },
                            "end": {
                                "line": 6,
                                "column": 35,
                                "offset": 354
                            },
                            "indent": []
                        }
                    },
                    {
                        "type": "text",
                        "value": " method. The method is called every frame and\ncan be used to update the image.",
                        "position": {
                            "start": {
                                "line": 6,
                                "column": 35,
                                "offset": 354
                            },
                            "end": {
                                "line": 7,
                                "column": 33,
                                "offset": 432
                            },
                            "indent": [
                                1
                            ]
                        }
                    }
                ],
                "position": {
                    "start": {
                        "line": 4,
                        "column": 1,
                        "offset": 141
                    },
                    "end": {
                        "line": 7,
                        "column": 33,
                        "offset": 432
                    },
                    "indent": [
                        1,
                        1,
                        1
                    ]
                }
            }
        ],
        "position": {
            "start": {
                "line": 1,
                "column": 1,
                "offset": 0
            },
            "end": {
                "line": 7,
                "column": 33,
                "offset": 432
            }
        }
    },
    "tags": [
        {
            "title": "interface",
            "description": "StyleImageInterface",
            "lineNumber": 9
        },
        {
            "title": "property",
            "description": null,
            "lineNumber": 10,
            "type": {
                "type": "NameExpression",
                "name": "number"
            },
            "name": "width"
        },
        {
            "title": "property",
            "description": null,
            "lineNumber": 11,
            "type": {
                "type": "NameExpression",
                "name": "number"
            },
            "name": "height"
        },
        {
            "title": "property",
            "description": null,
            "lineNumber": 12,
            "type": {
                "type": "UnionType",
                "elements": [
                    {
                        "type": "NameExpression",
                        "name": "Uint8Array"
                    },
                    {
                        "type": "NameExpression",
                        "name": "Uint8ClampedArray"
                    }
                ]
            },
            "name": "data"
        },
        {
            "title": "see",
            "description": "[Add an animated icon to the map.](https://docs.mapbox.com/mapbox-gl-js/example/add-image-animated/)",
            "lineNumber": 14
        },
        {
            "title": "example",
            "description": "var flashingSquare = {\n    width: 64,\n    height: 64,\n    data: new Uint8Array(64 * 64 * 4),\n\n    onAdd: function(map) {\n        this.map = map;\n    },\n\n    render: function() {\n        // keep repainting while the icon is on the map\n        this.map.triggerRepaint();\n\n        // alternate between black and white based on the time\n        var value = Math.round(Date.now() / 1000) % 2 === 0  ? 255 : 0;\n\n        // check if image needs to be changed\n        if (value !== this.previousValue) {\n            this.previousValue = value;\n\n            var bytesPerPixel = 4;\n            for (var x = 0; x < this.width; x++) {\n                for (var y = 0; y < this.height; y++) {\n                    var offset = (y * this.width + x) * bytesPerPixel;\n                    this.data[offset + 0] = value;\n                    this.data[offset + 1] = value;\n                    this.data[offset + 2] = value;\n                    this.data[offset + 3] = 255;\n                }\n            }\n\n            // return true to indicate that the image changed\n            return true;\n        }\n    }\n }\n\n map.addImage('flashing_square', flashingSquare);",
            "lineNumber": 16
        }
    ],
    "loc": {
        "start": {
            "line": 37,
            "column": 0
        },
        "end": {
            "line": 92,
            "column": 3
        }
    },
    "context": {
        "loc": {
            "start": {
                "line": 25,
                "column": 0
            },
            "end": {
                "line": 35,
                "column": 1
            }
        },
        "file": "/Users/mapboxchina/projects/mapbox-gl-js/src/style/style_image.js",
        "github": {
            "url": "https://git@github.com/:mapbox/mapbox-gl-js/blob/43037cd3064d8900cdbf34eaf225053e12da17c1/src/style/style_image.js#L25-L35",
            "path": "src/style/style_image.js"
        }
    },
    "augments": [],
    "examples": [
        {
            "description": "var flashingSquare = {\n    width: 64,\n    height: 64,\n    data: new Uint8Array(64 * 64 * 4),\n\n    onAdd: function(map) {\n        this.map = map;\n    },\n\n    render: function() {\n        // keep repainting while the icon is on the map\n        this.map.triggerRepaint();\n\n        // alternate between black and white based on the time\n        var value = Math.round(Date.now() / 1000) % 2 === 0  ? 255 : 0;\n\n        // check if image needs to be changed\n        if (value !== this.previousValue) {\n            this.previousValue = value;\n\n            var bytesPerPixel = 4;\n            for (var x = 0; x < this.width; x++) {\n                for (var y = 0; y < this.height; y++) {\n                    var offset = (y * this.width + x) * bytesPerPixel;\n                    this.data[offset + 0] = value;\n                    this.data[offset + 1] = value;\n                    this.data[offset + 2] = value;\n                    this.data[offset + 3] = 255;\n                }\n            }\n\n            // return true to indicate that the image changed\n            return true;\n        }\n    }\n }\n\n map.addImage('flashing_square', flashingSquare);"
        }
    ],
    "params": [],
    "properties": [
        {
            "title": "property",
            "name": "width",
            "lineNumber": 10,
            "type": {
                "type": "NameExpression",
                "name": "number"
            }
        },
        {
            "title": "property",
            "name": "height",
            "lineNumber": 11,
            "type": {
                "type": "NameExpression",
                "name": "number"
            }
        },
        {
            "title": "property",
            "name": "data",
            "lineNumber": 12,
            "type": {
                "type": "UnionType",
                "elements": [
                    {
                        "type": "NameExpression",
                        "name": "Uint8Array"
                    },
                    {
                        "type": "NameExpression",
                        "name": "Uint8ClampedArray"
                    }
                ]
            }
        }
    ],
    "returns": [],
    "sees": [
        {
            "type": "root",
            "children": [
                {
                    "type": "paragraph",
                    "children": [
                        {
                            "type": "link",
                            "title": null,
                            "url": "https://docs.mapbox.com/mapbox-gl-js/example/add-image-animated/",
                            "children": [
                                {
                                    "type": "text",
                                    "value": "Add an animated icon to the map.",
                                    "position": {
                                        "start": {
                                            "line": 1,
                                            "column": 2,
                                            "offset": 1
                                        },
                                        "end": {
                                            "line": 1,
                                            "column": 34,
                                            "offset": 33
                                        },
                                        "indent": []
                                    }
                                }
                            ],
                            "position": {
                                "start": {
                                    "line": 1,
                                    "column": 1,
                                    "offset": 0
                                },
                                "end": {
                                    "line": 1,
                                    "column": 101,
                                    "offset": 100
                                },
                                "indent": []
                            }
                        }
                    ],
                    "position": {
                        "start": {
                            "line": 1,
                            "column": 1,
                            "offset": 0
                        },
                        "end": {
                            "line": 1,
                            "column": 101,
                            "offset": 100
                        },
                        "indent": []
                    }
                }
            ],
            "position": {
                "start": {
                    "line": 1,
                    "column": 1,
                    "offset": 0
                },
                "end": {
                    "line": 1,
                    "column": 101,
                    "offset": 100
                }
            }
        }
    ],
    "throws": [],
    "todos": [],
    "interface": true,
    "name": "StyleImageInterface",
    "path": [
        {
            "name": "StyleImageInterface"
        }
    ],
    "members": {
        "global": [],
        "inner": [],
        "instance": [
            {
                "description": {
                    "type": "root",
                    "children": [
                        {
                            "type": "paragraph",
                            "children": [
                                {
                                    "type": "text",
                                    "value": "Optional method called when the layer has been added to the Map with ",
                                    "position": {
                                        "start": {
                                            "line": 1,
                                            "column": 1,
                                            "offset": 0
                                        },
                                        "end": {
                                            "line": 1,
                                            "column": 70,
                                            "offset": 69
                                        },
                                        "indent": []
                                    }
                                },
                                {
                                    "type": "link",
                                    "url": "Map#addImage",
                                    "title": null,
                                    "jsdoc": true,
                                    "children": [
                                        {
                                            "type": "text",
                                            "value": "Map#addImage"
                                        }
                                    ],
                                    "position": {
                                        "start": {
                                            "line": 1,
                                            "column": 70,
                                            "offset": 69
                                        },
                                        "end": {
                                            "line": 1,
                                            "column": 90,
                                            "offset": 89
                                        },
                                        "indent": []
                                    }
                                },
                                {
                                    "type": "text",
                                    "value": ".",
                                    "position": {
                                        "start": {
                                            "line": 1,
                                            "column": 90,
                                            "offset": 89
                                        },
                                        "end": {
                                            "line": 1,
                                            "column": 91,
                                            "offset": 90
                                        },
                                        "indent": []
                                    }
                                }
                            ],
                            "position": {
                                "start": {
                                    "line": 1,
                                    "column": 1,
                                    "offset": 0
                                },
                                "end": {
                                    "line": 1,
                                    "column": 91,
                                    "offset": 90
                                },
                                "indent": []
                            }
                        }
                    ],
                    "position": {
                        "start": {
                            "line": 1,
                            "column": 1,
                            "offset": 0
                        },
                        "end": {
                            "line": 1,
                            "column": 91,
                            "offset": 90
                        }
                    }
                },
                "tags": [
                    {
                        "title": "function",
                        "description": null,
                        "lineNumber": 3,
                        "name": null
                    },
                    {
                        "title": "memberof",
                        "description": "StyleImageInterface",
                        "lineNumber": 4
                    },
                    {
                        "title": "instance",
                        "description": null,
                        "lineNumber": 5
                    },
                    {
                        "title": "name",
                        "description": null,
                        "lineNumber": 6,
                        "name": "onAdd"
                    },
                    {
                        "title": "param",
                        "description": "The Map this custom layer was just added to.",
                        "lineNumber": 7,
                        "type": {
                            "type": "NameExpression",
                            "name": "Map"
                        },
                        "name": "map"
                    }
                ],
                "loc": {
                    "start": {
                        "line": 111,
                        "column": 0
                    },
                    "end": {
                        "line": 119,
                        "column": 3
                    }
                },
                "context": {
                    "loc": {
                        "start": {
                            "line": 25,
                            "column": 0
                        },
                        "end": {
                            "line": 35,
                            "column": 1
                        }
                    },
                    "file": "/Users/mapboxchina/projects/mapbox-gl-js/src/style/style_image.js",
                    "github": {
                        "url": "https://git@github.com/:mapbox/mapbox-gl-js/blob/43037cd3064d8900cdbf34eaf225053e12da17c1/src/style/style_image.js#L25-L35",
                        "path": "src/style/style_image.js"
                    }
                },
                "augments": [],
                "examples": [],
                "params": [
                    {
                        "title": "param",
                        "name": "map",
                        "lineNumber": 7,
                        "description": {
                            "type": "root",
                            "children": [
                                {
                                    "type": "paragraph",
                                    "children": [
                                        {
                                            "type": "text",
                                            "value": "The Map this custom layer was just added to.",
                                            "position": {
                                                "start": {
                                                    "line": 1,
                                                    "column": 1,
                                                    "offset": 0
                                                },
                                                "end": {
                                                    "line": 1,
                                                    "column": 45,
                                                    "offset": 44
                                                },
                                                "indent": []
                                            }
                                        }
                                    ],
                                    "position": {
                                        "start": {
                                            "line": 1,
                                            "column": 1,
                                            "offset": 0
                                        },
                                        "end": {
                                            "line": 1,
                                            "column": 45,
                                            "offset": 44
                                        },
                                        "indent": []
                                    }
                                }
                            ],
                            "position": {
                                "start": {
                                    "line": 1,
                                    "column": 1,
                                    "offset": 0
                                },
                                "end": {
                                    "line": 1,
                                    "column": 45,
                                    "offset": 44
                                }
                            }
                        },
                        "type": {
                            "type": "NameExpression",
                            "name": "Map"
                        }
                    }
                ],
                "properties": [],
                "returns": [],
                "sees": [],
                "throws": [],
                "todos": [],
                "kind": "function",
                "memberof": "StyleImageInterface",
                "scope": "instance",
                "name": "onAdd",
                "members": {
                    "global": [],
                    "inner": [],
                    "instance": [],
                    "events": [],
                    "static": []
                },
                "path": [
                    {
                        "name": "StyleImageInterface"
                    },
                    {
                        "name": "onAdd",
                        "kind": "function",
                        "scope": "instance"
                    }
                ],
                "namespace": "StyleImageInterface#onAdd"
            },
            {
                "description": {
                    "type": "root",
                    "children": [
                        {
                            "type": "paragraph",
                            "children": [
                                {
                                    "type": "text",
                                    "value": "This method is called once before every frame where the icon will be used.\nThe method can optionally update the image's ",
                                    "position": {
                                        "start": {
                                            "line": 1,
                                            "column": 1,
                                            "offset": 0
                                        },
                                        "end": {
                                            "line": 2,
                                            "column": 46,
                                            "offset": 120
                                        },
                                        "indent": [
                                            1
                                        ]
                                    }
                                },
                                {
                                    "type": "inlineCode",
                                    "value": "data",
                                    "position": {
                                        "start": {
                                            "line": 2,
                                            "column": 46,
                                            "offset": 120
                                        },
                                        "end": {
                                            "line": 2,
                                            "column": 52,
                                            "offset": 126
                                        },
                                        "indent": []
                                    }
                                },
                                {
                                    "type": "text",
                                    "value": " member with a new image.",
                                    "position": {
                                        "start": {
                                            "line": 2,
                                            "column": 52,
                                            "offset": 126
                                        },
                                        "end": {
                                            "line": 2,
                                            "column": 77,
                                            "offset": 151
                                        },
                                        "indent": []
                                    }
                                }
                            ],
                            "position": {
                                "start": {
                                    "line": 1,
                                    "column": 1,
                                    "offset": 0
                                },
                                "end": {
                                    "line": 2,
                                    "column": 77,
                                    "offset": 151
                                },
                                "indent": [
                                    1
                                ]
                            }
                        },
                        {
                            "type": "paragraph",
                            "children": [
                                {
                                    "type": "text",
                                    "value": "If the method updates the image it must return ",
                                    "position": {
                                        "start": {
                                            "line": 4,
                                            "column": 1,
                                            "offset": 153
                                        },
                                        "end": {
                                            "line": 4,
                                            "column": 48,
                                            "offset": 200
                                        },
                                        "indent": []
                                    }
                                },
                                {
                                    "type": "inlineCode",
                                    "value": "true",
                                    "position": {
                                        "start": {
                                            "line": 4,
                                            "column": 48,
                                            "offset": 200
                                        },
                                        "end": {
                                            "line": 4,
                                            "column": 54,
                                            "offset": 206
                                        },
                                        "indent": []
                                    }
                                },
                                {
                                    "type": "text",
                                    "value": " to commit the change.\nIf the method returns ",
                                    "position": {
                                        "start": {
                                            "line": 4,
                                            "column": 54,
                                            "offset": 206
                                        },
                                        "end": {
                                            "line": 5,
                                            "column": 23,
                                            "offset": 251
                                        },
                                        "indent": [
                                            1
                                        ]
                                    }
                                },
                                {
                                    "type": "inlineCode",
                                    "value": "false",
                                    "position": {
                                        "start": {
                                            "line": 5,
                                            "column": 23,
                                            "offset": 251
                                        },
                                        "end": {
                                            "line": 5,
                                            "column": 30,
                                            "offset": 258
                                        },
                                        "indent": []
                                    }
                                },
                                {
                                    "type": "text",
                                    "value": " or nothing the image is assumed to not have changed.",
                                    "position": {
                                        "start": {
                                            "line": 5,
                                            "column": 30,
                                            "offset": 258
                                        },
                                        "end": {
                                            "line": 5,
                                            "column": 83,
                                            "offset": 311
                                        },
                                        "indent": []
                                    }
                                }
                            ],
                            "position": {
                                "start": {
                                    "line": 4,
                                    "column": 1,
                                    "offset": 153
                                },
                                "end": {
                                    "line": 5,
                                    "column": 83,
                                    "offset": 311
                                },
                                "indent": [
                                    1
                                ]
                            }
                        },
                        {
                            "type": "paragraph",
                            "children": [
                                {
                                    "type": "text",
                                    "value": "If updates are infrequent it maybe easier to use ",
                                    "position": {
                                        "start": {
                                            "line": 7,
                                            "column": 1,
                                            "offset": 313
                                        },
                                        "end": {
                                            "line": 7,
                                            "column": 50,
                                            "offset": 362
                                        },
                                        "indent": []
                                    }
                                },
                                {
                                    "type": "link",
                                    "url": "Map#updateImage",
                                    "title": null,
                                    "jsdoc": true,
                                    "children": [
                                        {
                                            "type": "text",
                                            "value": "Map#updateImage"
                                        }
                                    ],
                                    "position": {
                                        "start": {
                                            "line": 7,
                                            "column": 50,
                                            "offset": 362
                                        },
                                        "end": {
                                            "line": 7,
                                            "column": 73,
                                            "offset": 385
                                        },
                                        "indent": []
                                    }
                                },
                                {
                                    "type": "text",
                                    "value": " to update\nthe image instead of implementing this method.",
                                    "position": {
                                        "start": {
                                            "line": 7,
                                            "column": 73,
                                            "offset": 385
                                        },
                                        "end": {
                                            "line": 8,
                                            "column": 47,
                                            "offset": 442
                                        },
                                        "indent": [
                                            1
                                        ]
                                    }
                                }
                            ],
                            "position": {
                                "start": {
                                    "line": 7,
                                    "column": 1,
                                    "offset": 313
                                },
                                "end": {
                                    "line": 8,
                                    "column": 47,
                                    "offset": 442
                                },
                                "indent": [
                                    1
                                ]
                            }
                        }
                    ],
                    "position": {
                        "start": {
                            "line": 1,
                            "column": 1,
                            "offset": 0
                        },
                        "end": {
                            "line": 8,
                            "column": 47,
                            "offset": 442
                        }
                    }
                },
                "tags": [
                    {
                        "title": "function",
                        "description": null,
                        "lineNumber": 10,
                        "name": null
                    },
                    {
                        "title": "memberof",
                        "description": "StyleImageInterface",
                        "lineNumber": 11
                    },
                    {
                        "title": "instance",
                        "description": null,
                        "lineNumber": 12
                    },
                    {
                        "title": "name",
                        "description": null,
                        "lineNumber": 13,
                        "name": "render"
                    },
                    {
                        "title": "return",
                        "description": "`true` if this method updated the image. `false` if the image was not changed.",
                        "lineNumber": 14,
                        "type": {
                            "type": "NameExpression",
                            "name": "boolean"
                        }
                    }
                ],
                "loc": {
                    "start": {
                        "line": 94,
                        "column": 0
                    },
                    "end": {
                        "line": 109,
                        "column": 3
                    }
                },
                "context": {
                    "loc": {
                        "start": {
                            "line": 25,
                            "column": 0
                        },
                        "end": {
                            "line": 35,
                            "column": 1
                        }
                    },
                    "file": "/Users/mapboxchina/projects/mapbox-gl-js/src/style/style_image.js",
                    "github": {
                        "url": "https://git@github.com/:mapbox/mapbox-gl-js/blob/43037cd3064d8900cdbf34eaf225053e12da17c1/src/style/style_image.js#L25-L35",
                        "path": "src/style/style_image.js"
                    }
                },
                "augments": [],
                "examples": [],
                "params": [],
                "properties": [],
                "returns": [
                    {
                        "description": {
                            "type": "root",
                            "children": [
                                {
                                    "type": "paragraph",
                                    "children": [
                                        {
                                            "type": "inlineCode",
                                            "value": "true",
                                            "position": {
                                                "start": {
                                                    "line": 1,
                                                    "column": 1,
                                                    "offset": 0
                                                },
                                                "end": {
                                                    "line": 1,
                                                    "column": 7,
                                                    "offset": 6
                                                },
                                                "indent": []
                                            }
                                        },
                                        {
                                            "type": "text",
                                            "value": " if this method updated the image. ",
                                            "position": {
                                                "start": {
                                                    "line": 1,
                                                    "column": 7,
                                                    "offset": 6
                                                },
                                                "end": {
                                                    "line": 1,
                                                    "column": 42,
                                                    "offset": 41
                                                },
                                                "indent": []
                                            }
                                        },
                                        {
                                            "type": "inlineCode",
                                            "value": "false",
                                            "position": {
                                                "start": {
                                                    "line": 1,
                                                    "column": 42,
                                                    "offset": 41
                                                },
                                                "end": {
                                                    "line": 1,
                                                    "column": 49,
                                                    "offset": 48
                                                },
                                                "indent": []
                                            }
                                        },
                                        {
                                            "type": "text",
                                            "value": " if the image was not changed.",
                                            "position": {
                                                "start": {
                                                    "line": 1,
                                                    "column": 49,
                                                    "offset": 48
                                                },
                                                "end": {
                                                    "line": 1,
                                                    "column": 79,
                                                    "offset": 78
                                                },
                                                "indent": []
                                            }
                                        }
                                    ],
                                    "position": {
                                        "start": {
                                            "line": 1,
                                            "column": 1,
                                            "offset": 0
                                        },
                                        "end": {
                                            "line": 1,
                                            "column": 79,
                                            "offset": 78
                                        },
                                        "indent": []
                                    }
                                }
                            ],
                            "position": {
                                "start": {
                                    "line": 1,
                                    "column": 1,
                                    "offset": 0
                                },
                                "end": {
                                    "line": 1,
                                    "column": 79,
                                    "offset": 78
                                }
                            }
                        },
                        "title": "returns",
                        "type": {
                            "type": "NameExpression",
                            "name": "boolean"
                        }
                    }
                ],
                "sees": [],
                "throws": [],
                "todos": [],
                "kind": "function",
                "memberof": "StyleImageInterface",
                "scope": "instance",
                "name": "render",
                "members": {
                    "global": [],
                    "inner": [],
                    "instance": [],
                    "events": [],
                    "static": []
                },
                "path": [
                    {
                        "name": "StyleImageInterface"
                    },
                    {
                        "name": "render",
                        "kind": "function",
                        "scope": "instance"
                    }
                ],
                "namespace": "StyleImageInterface#render"
            },
            {
                "description": {
                    "type": "root",
                    "children": [
                        {
                            "type": "paragraph",
                            "children": [
                                {
                                    "type": "text",
                                    "value": "Optional method called when the icon is removed from the map with ",
                                    "position": {
                                        "start": {
                                            "line": 1,
                                            "column": 1,
                                            "offset": 0
                                        },
                                        "end": {
                                            "line": 1,
                                            "column": 67,
                                            "offset": 66
                                        },
                                        "indent": []
                                    }
                                },
                                {
                                    "type": "link",
                                    "url": "Map#removeImage",
                                    "title": null,
                                    "jsdoc": true,
                                    "children": [
                                        {
                                            "type": "text",
                                            "value": "Map#removeImage"
                                        }
                                    ],
                                    "position": {
                                        "start": {
                                            "line": 1,
                                            "column": 67,
                                            "offset": 66
                                        },
                                        "end": {
                                            "line": 1,
                                            "column": 90,
                                            "offset": 89
                                        },
                                        "indent": []
                                    }
                                },
                                {
                                    "type": "text",
                                    "value": ".\nThis gives the image a chance to clean up resources and event listeners.",
                                    "position": {
                                        "start": {
                                            "line": 1,
                                            "column": 90,
                                            "offset": 89
                                        },
                                        "end": {
                                            "line": 2,
                                            "column": 73,
                                            "offset": 163
                                        },
                                        "indent": [
                                            1
                                        ]
                                    }
                                }
                            ],
                            "position": {
                                "start": {
                                    "line": 1,
                                    "column": 1,
                                    "offset": 0
                                },
                                "end": {
                                    "line": 2,
                                    "column": 73,
                                    "offset": 163
                                },
                                "indent": [
                                    1
                                ]
                            }
                        }
                    ],
                    "position": {
                        "start": {
                            "line": 1,
                            "column": 1,
                            "offset": 0
                        },
                        "end": {
                            "line": 2,
                            "column": 73,
                            "offset": 163
                        }
                    }
                },
                "tags": [
                    {
                        "title": "function",
                        "description": null,
                        "lineNumber": 4,
                        "name": null
                    },
                    {
                        "title": "memberof",
                        "description": "StyleImageInterface",
                        "lineNumber": 5
                    },
                    {
                        "title": "instance",
                        "description": null,
                        "lineNumber": 6
                    },
                    {
                        "title": "name",
                        "description": null,
                        "lineNumber": 7,
                        "name": "onRemove"
                    }
                ],
                "loc": {
                    "start": {
                        "line": 121,
                        "column": 0
                    },
                    "end": {
                        "line": 129,
                        "column": 3
                    }
                },
                "context": {
                    "loc": {
                        "start": {
                            "line": 25,
                            "column": 0
                        },
                        "end": {
                            "line": 35,
                            "column": 1
                        }
                    },
                    "file": "/Users/mapboxchina/projects/mapbox-gl-js/src/style/style_image.js",
                    "github": {
                        "url": "https://git@github.com/:mapbox/mapbox-gl-js/blob/43037cd3064d8900cdbf34eaf225053e12da17c1/src/style/style_image.js#L25-L35",
                        "path": "src/style/style_image.js"
                    }
                },
                "augments": [],
                "examples": [],
                "params": [],
                "properties": [],
                "returns": [],
                "sees": [],
                "throws": [],
                "todos": [],
                "kind": "function",
                "memberof": "StyleImageInterface",
                "scope": "instance",
                "name": "onRemove",
                "members": {
                    "global": [],
                    "inner": [],
                    "instance": [],
                    "events": [],
                    "static": []
                },
                "path": [
                    {
                        "name": "StyleImageInterface"
                    },
                    {
                        "name": "onRemove",
                        "kind": "function",
                        "scope": "instance"
                    }
                ],
                "namespace": "StyleImageInterface#onRemove"
            }
        ],
        "events": [],
        "static": []
    },
    "namespace": "StyleImageInterface"
}