{
    "name": "User Interaction Handlers",
    "description": {
        "type": "root",
        "children": [
            {
                "type": "paragraph",
                "children": [
                    {
                        "type": "text",
                        "value": "Handlers add different kinds of interactivity to the map -\nmouse interactivity, touch interactions, and other\ngestures.",
                        "position": {
                            "start": {
                                "line": 1,
                                "column": 1,
                                "offset": 0
                            },
                            "end": {
                                "line": 3,
                                "column": 10,
                                "offset": 119
                            },
                            "indent": [
                                1,
                                1
                            ]
                        }
                    }
                ],
                "position": {
                    "start": {
                        "line": 1,
                        "column": 1,
                        "offset": 0
                    },
                    "end": {
                        "line": 3,
                        "column": 10,
                        "offset": 119
                    },
                    "indent": [
                        1,
                        1
                    ]
                }
            }
        ],
        "position": {
            "start": {
                "line": 1,
                "column": 1,
                "offset": 0
            },
            "end": {
                "line": 4,
                "column": 1,
                "offset": 120
            }
        }
    },
    "kind": "note",
    "path": [
        {
            "name": "User Interaction Handlers",
            "kind": "note"
        }
    ],
    "members": {
        "global": [],
        "inner": [],
        "instance": [],
        "events": [],
        "static": []
    },
    "namespace": "User Interaction Handlers"
}