{
    "description": {
        "type": "root",
        "children": [
            {
                "type": "paragraph",
                "children": [
                    {
                        "type": "text",
                        "value": "",
                        "position": {
                            "start": {
                                "line": 1,
                                "column": 1,
                                "offset": 0
                            },
                            "end": {
                                "line": 1,
                                "column": 5,
                                "offset": 4
                            },
                            "indent": []
                        }
                    },
                    {
                        "type": "inlineCode",
                        "value": "DragRotateHandler",
                        "position": {
                            "start": {
                                "line": 1,
                                "column": 5,
                                "offset": 4
                            },
                            "end": {
                                "line": 1,
                                "column": 24,
                                "offset": 23
                            },
                            "indent": []
                        }
                    },
                    {
                        "type": "text",
                        "value": " 允许用户通过摁住鼠标右键并拖拽光标来旋转地图，或摁住",
                        "position": {
                            "start": {
                                "line": 1,
                                "column": 24,
                                "offset": 23
                            },
                            "end": {
                                "line": 2,
                                "column": 61,
                                "offset": 134
                            },
                            "indent": [
                                1
                            ]
                        }
                    },
                    {
                        "type": "inlineCode",
                        "value": "ctrl",
                        "position": {
                            "start": {
                                "line": 2,
                                "column": 61,
                                "offset": 134
                            },
                            "end": {
                                "line": 2,
                                "column": 67,
                                "offset": 140
                            },
                            "indent": []
                        }
                    },
                    {
                        "type": "text",
                        "value": " 键点击并拖拽光标来旋转地图。",
                        "position": {
                            "start": {
                                "line": 2,
                                "column": 67,
                                "offset": 140
                            },
                            "end": {
                                "line": 2,
                                "column": 72,
                                "offset": 145
                            },
                            "indent": []
                        }
                    }
                ],
                "position": {
                    "start": {
                        "line": 1,
                        "column": 1,
                        "offset": 0
                    },
                    "end": {
                        "line": 2,
                        "column": 72,
                        "offset": 145
                    },
                    "indent": [
                        1
                    ]
                }
            }
        ],
        "position": {
            "start": {
                "line": 1,
                "column": 1,
                "offset": 0
            },
            "end": {
                "line": 2,
                "column": 72,
                "offset": 145
            }
        }
    },
    "tags": [],
    "loc": {
        "start": {
            "line": 20,
            "column": 0
        },
        "end": {
            "line": 23,
            "column": 3
        }
    },
    "context": {
        "loc": {
            "start": {
                "line": 24,
                "column": 0
            },
            "end": {
                "line": 365,
                "column": 1
            }
        },
        "file": "/Users/mapboxchina/projects/mapbox-gl-js/src/ui/handler/drag_rotate.js",
        "github": {
            "url": "https://git@github.com/:mapbox/mapbox-gl-js/blob/43037cd3064d8900cdbf34eaf225053e12da17c1/src/ui/handler/drag_rotate.js#L24-L365",
            "path": "src/ui/handler/drag_rotate.js"
        }
    },
    "augments": [],
    "examples": [],
    "params": [
        {
            "title": "param",
            "name": "map",
            "lineNumber": 1,
            "description": {
                "type": "root",
                "children": [
                    {
                        "type": "paragraph",
                        "children": [
                            {
                                "type": "text",
                                "value": "需要添加处理程序（handler）的 Mapbox GL JS 地图。",
                                "position": {
                                    "start": {
                                        "line": 1,
                                        "column": 1,
                                        "offset": 0
                                    },
                                    "end": {
                                        "line": 1,
                                        "column": 44,
                                        "offset": 43
                                    },
                                    "indent": []
                                }
                            }
                        ],
                        "position": {
                            "start": {
                                "line": 1,
                                "column": 1,
                                "offset": 0
                            },
                            "end": {
                                "line": 1,
                                "column": 44,
                                "offset": 43
                            },
                            "indent": []
                        }
                    }
                ],
                "position": {
                    "start": {
                        "line": 1,
                        "column": 1,
                        "offset": 0
                    },
                    "end": {
                        "line": 1,
                        "column": 44,
                        "offset": 43
                    }
                }
            },
            "type": {
                "type": "NameExpression",
                "name": "Map"
            }
        },
        {
            "title": "param",
            "name": "options",
            "lineNumber": 2,
            "type": {
                "type": "OptionalType",
                "expression": {
                    "type": "NameExpression",
                    "name": "Object"
                }
            }
        }
    ],
    "properties": [],
    "returns": [],
    "sees": [],
    "throws": [],
    "todos": [],
    "constructorComment": {
        "description": "",
        "tags": [
            {
                "title": "param",
                "description": "需要添加处理程序（handler）的 Mapbox GL JS 地图。",
                "lineNumber": 1,
                "type": {
                    "type": "NameExpression",
                    "name": "Map"
                },
                "name": "map"
            },
            {
                "title": "param",
                "description": null,
                "lineNumber": 2,
                "type": {
                    "type": "OptionalType",
                    "expression": {
                        "type": "NameExpression",
                        "name": "Object"
                    }
                },
                "name": "options"
            },
            {
                "title": "param",
                "description": "该阙值决定地图对齐到正北方向时的方位角（bearing），以度计量。",
                "lineNumber": 3,
                "type": {
                    "type": "OptionalType",
                    "expression": {
                        "type": "NameExpression",
                        "name": "number"
                    }
                },
                "name": "options.bearingSnap"
            },
            {
                "title": "param",
                "description": "控制除方位角之外地图的倾斜度。",
                "lineNumber": 5,
                "type": {
                    "type": "OptionalType",
                    "expression": {
                        "type": "NameExpression",
                        "name": "bool"
                    }
                },
                "name": "options.pitchWithRotate",
                "default": "true"
            },
            {
                "title": "private",
                "description": null,
                "lineNumber": 6
            }
        ],
        "loc": {
            "start": {
                "line": 42,
                "column": 4
            },
            "end": {
                "line": 49,
                "column": 7
            }
        },
        "context": {
            "loc": {
                "start": {
                    "line": 50,
                    "column": 4
                },
                "end": {
                    "line": 70,
                    "column": 5
                }
            },
            "file": "/Users/mapboxchina/projects/mapbox-gl-js/src/ui/handler/drag_rotate.js",
            "sortKey": "!/Users/mapboxchina/projects/mapbox-gl-js/src/index.js:00000004!/Users/mapboxchina/projects/mapbox-gl-js/src/ui/control/navigation_control.js:00000002!/Users/mapboxchina/projects/mapbox-gl-js/src/ui/handler/drag_rotate.js 00000050",
            "code": "{\n    _map: Map;\n    _el: HTMLElement;\n    _state: 'disabled' | 'enabled' | 'pending' | 'active';\n    _button: 'right' | 'left';\n    _eventButton: number;\n    _bearingSnap: number;\n    _pitchWithRotate: boolean;\n\n    _startPos: Point;\n    _prevPos: Point;\n    _lastPos: Point;\n    _startTime: number;\n    _lastMoveEvent: MouseEvent;\n    _inertia: Array<[number, number]>;\n    _center: Point;\n    _frameId: ?TaskID;\n\n    /**\n     * @param {Map} map The Mapbox GL JS map to add the handler to.\n     * @param {Object} [options]\n     * @param {number} [options.bearingSnap] The threshold, measured in degrees, that determines when the map's\n     *   bearing will snap to north.\n     * @param {bool} [options.pitchWithRotate=true] Control the map pitch in addition to the bearing\n     * @private\n     */\n    constructor(map: Map, options: {\n        button?: 'right' | 'left',\n        element?: HTMLElement,\n        bearingSnap?: number,\n        pitchWithRotate?: boolean\n    }) {\n        this._map = map;\n        this._el = options.element || map.getCanvasContainer();\n        this._state = 'disabled';\n        this._button = options.button || 'right';\n        this._bearingSnap = options.bearingSnap || 0;\n        this._pitchWithRotate = options.pitchWithRotate !== false;\n\n        bindAll([\n            'onMouseDown',\n            '_onMouseMove',\n            '_onMouseUp',\n            '_onBlur',\n            '_onDragFrame'\n        ], this);\n    }\n\n    /**\n     * Returns a Boolean indicating whether the \"drag to rotate\" interaction is enabled.\n     *\n     * @returns {boolean} `true` if the \"drag to rotate\" interaction is enabled.\n     */\n    isEnabled() {\n        return this._state !== 'disabled';\n    }\n\n    /**\n     * Returns a Boolean indicating whether the \"drag to rotate\" interaction is active, i.e. currently being used.\n     *\n     * @returns {boolean} `true` if the \"drag to rotate\" interaction is active.\n     */\n    isActive() {\n        return this._state === 'active';\n    }\n\n    /**\n     * Enables the \"drag to rotate\" interaction.\n     *\n     * @example\n     * map.dragRotate.enable();\n     */\n    enable() {\n        if (this.isEnabled()) return;\n        this._state = 'enabled';\n    }\n\n    /**\n     * Disables the \"drag to rotate\" interaction.\n     *\n     * @example\n     * map.dragRotate.disable();\n     */\n    disable() {\n        if (!this.isEnabled()) return;\n        switch (this._state) {\n        case 'active':\n            this._state = 'disabled';\n            this._unbind();\n            this._deactivate();\n            this._fireEvent('rotateend');\n            if (this._pitchWithRotate) {\n                this._fireEvent('pitchend');\n            }\n            this._fireEvent('moveend');\n            break;\n        case 'pending':\n            this._state = 'disabled';\n            this._unbind();\n            break;\n        default:\n            this._state = 'disabled';\n            break;\n        }\n    }\n\n    onMouseDown(e: MouseEvent) {\n        if (this._state !== 'enabled') return;\n\n        const touchEvent = e.type === 'touchstart';\n\n        if (touchEvent) {\n            this._startTime = Date.now();\n        } else {\n            if (this._button === 'right') {\n                this._eventButton = DOM.mouseButton(e);\n                if (this._eventButton !== (e.ctrlKey ? 0 : 2)) return;\n            } else {\n                if (e.ctrlKey || DOM.mouseButton(e) !== 0) return;\n                this._eventButton = 0;\n            }\n        }\n\n        DOM.disableDrag();\n\n        // Bind window-level event listeners for move and up/end events. In the absence of\n        // the pointer capture API, which is not supported by all necessary platforms,\n        // window-level event listeners give us the best shot at capturing events that\n        // fall outside the map canvas element. Use `{capture: true}` for the move event\n        // to prevent map move events from being fired during a drag.\n        if (touchEvent) {\n            window.document.addEventListener('touchmove', this._onMouseMove, { capture: true });\n            window.document.addEventListener('touchend', this._onMouseUp);\n        } else {\n            window.document.addEventListener('mousemove', this._onMouseMove, { capture: true });\n            window.document.addEventListener('mouseup', this._onMouseUp);\n        }\n\n        // Deactivate when the window loses focus. Otherwise if a mouseup occurs when the window\n        // isn't in focus, dragging will continue even though the mouse is no longer pressed.\n        window.addEventListener('blur', this._onBlur);\n\n        this._state = 'pending';\n        this._inertia = [[browser.now(), this._map.getBearing()]];\n        this._startPos = this._prevPos = this._lastPos = DOM.mousePos(this._el, e);\n        this._center = this._map.transform.centerPoint;  // Center of rotation\n\n        e.preventDefault();\n    }\n\n    _onMouseMove(e: MouseEvent) {\n        const pos = DOM.mousePos(this._el, e);\n        if (this._lastPos.equals(pos)) {\n            return;\n        }\n\n        this._lastMoveEvent = e;\n        this._lastPos = pos;\n\n        if (this._state === 'pending') {\n            this._state = 'active';\n            this._fireEvent('rotatestart', e);\n            this._fireEvent('movestart', e);\n            if (this._pitchWithRotate) {\n                this._fireEvent('pitchstart', e);\n            }\n        }\n\n        if (!this._frameId) {\n            this._frameId = this._map._requestRenderFrame(this._onDragFrame);\n        }\n    }\n\n    _onDragFrame() {\n        this._frameId = null;\n\n        const e = this._lastMoveEvent;\n        if (!e) return;\n        const tr = this._map.transform;\n\n        const p1 = this._prevPos,\n            p2 = this._lastPos,\n            bearingDiff = (p1.x - p2.x) * 0.8,\n            pitchDiff = (p1.y - p2.y) * -0.5,\n            bearing = tr.bearing - bearingDiff,\n            pitch = tr.pitch - pitchDiff,\n            inertia = this._inertia,\n            last = inertia[inertia.length - 1];\n\n        this._drainInertiaBuffer();\n        inertia.push([browser.now(), this._map._normalizeBearing(bearing, last[1])]);\n\n        tr.bearing = bearing;\n        if (this._pitchWithRotate) {\n            this._fireEvent('pitch', e);\n            tr.pitch = pitch;\n        }\n\n        this._fireEvent('rotate', e);\n        this._fireEvent('move', e);\n\n        delete this._lastMoveEvent;\n        this._prevPos = this._lastPos;\n    }\n\n    _onMouseUp(e: MouseEvent) {\n        const touchEvent = e.type === 'touchend';\n\n        if (touchEvent && (this._startPos === this._lastPos) && (Date.now() - this._startTime) < 300) {\n            this._el.click();\n        }\n\n        if (DOM.mouseButton(e) !== this._eventButton) return;\n        switch (this._state) {\n        case 'active':\n            this._state = 'enabled';\n            DOM.suppressClick();\n            this._unbind();\n            this._deactivate();\n            this._inertialRotate(e);\n            break;\n        case 'pending':\n            this._state = 'enabled';\n            this._unbind();\n            break;\n        default:\n            assert(false);\n            break;\n        }\n    }\n\n    _onBlur(e: FocusEvent) {\n        switch (this._state) {\n        case 'active':\n            this._state = 'enabled';\n            this._unbind();\n            this._deactivate();\n            this._fireEvent('rotateend', e);\n            if (this._pitchWithRotate) {\n                this._fireEvent('pitchend', e);\n            }\n            this._fireEvent('moveend', e);\n            break;\n        case 'pending':\n            this._state = 'enabled';\n            this._unbind();\n            break;\n        default:\n            assert(false);\n            break;\n        }\n    }\n\n    _unbind() {\n        window.document.removeEventListener('mousemove', this._onMouseMove, { capture: true });\n        window.document.removeEventListener('mouseup', this._onMouseUp);\n        window.document.removeEventListener('touchmove', this._onMouseMove, { capture: true });\n        window.document.removeEventListener('touchend', this._onMouseUp);\n        window.removeEventListener('blur', this._onBlur);\n        DOM.enableDrag();\n    }\n\n    _deactivate() {\n        if (this._frameId) {\n            this._map._cancelRenderFrame(this._frameId);\n            this._frameId = null;\n        }\n        delete this._lastMoveEvent;\n        delete this._startPos;\n        delete this._prevPos;\n        delete this._lastPos;\n    }\n\n    _inertialRotate(e: MouseEvent) {\n        this._fireEvent('rotateend', e);\n        this._drainInertiaBuffer();\n\n        const map = this._map,\n            mapBearing = map.getBearing(),\n            inertia = this._inertia;\n\n        const finish = () => {\n            if (Math.abs(mapBearing) < this._bearingSnap) {\n                map.resetNorth({noMoveStart: true}, { originalEvent: e });\n            } else {\n                this._fireEvent('moveend', e);\n            }\n            if (this._pitchWithRotate) this._fireEvent('pitchend', e);\n        };\n\n        if (inertia.length < 2) {\n            finish();\n            return;\n        }\n\n        const first = inertia[0],\n            last = inertia[inertia.length - 1],\n            previous = inertia[inertia.length - 2];\n        let bearing = map._normalizeBearing(mapBearing, previous[1]);\n        const flingDiff = last[1] - first[1],\n            sign = flingDiff < 0 ? -1 : 1,\n            flingDuration = (last[0] - first[0]) / 1000;\n\n        if (flingDiff === 0 || flingDuration === 0) {\n            finish();\n            return;\n        }\n\n        let speed = Math.abs(flingDiff * (inertiaLinearity / flingDuration));  // deg/s\n        if (speed > inertiaMaxSpeed) {\n            speed = inertiaMaxSpeed;\n        }\n\n        const duration = speed / (inertiaDeceleration * inertiaLinearity),\n            offset = sign * speed * (duration / 2);\n\n        bearing += offset;\n\n        if (Math.abs(map._normalizeBearing(bearing, 0)) < this._bearingSnap) {\n            bearing = map._normalizeBearing(0, bearing);\n        }\n\n        map.rotateTo(bearing, {\n            duration: duration * 1000,\n            easing: inertiaEasing,\n            noMoveStart: true\n        }, { originalEvent: e });\n    }\n\n    _fireEvent(type: string, e: *) {\n        return this._map.fire(new Event(type, e ? { originalEvent: e } : {}));\n    }\n\n    _drainInertiaBuffer() {\n        const inertia = this._inertia,\n            now = browser.now(),\n            cutoff = 160;   //msec\n\n        while (inertia.length > 0 && now - inertia[0][0] > cutoff)\n            inertia.shift();\n    }\n}"
        },
        "augments": [],
        "errors": [],
        "examples": [],
        "params": [
            {
                "title": "param",
                "name": "map",
                "lineNumber": 1,
                "description": {
                    "type": "root",
                    "children": [
                        {
                            "type": "paragraph",
                            "children": [
                                {
                                    "type": "text",
                                    "value": " 需要添加处理程序（handler）的Mapbox GL JS 地图 。",
                                    "position": {
                                        "start": {
                                            "line": 1,
                                            "column": 1,
                                            "offset": 0
                                        },
                                        "end": {
                                            "line": 1,
                                            "column": 44,
                                            "offset": 43
                                        },
                                        "indent": []
                                    }
                                }
                            ],
                            "position": {
                                "start": {
                                    "line": 1,
                                    "column": 1,
                                    "offset": 0
                                },
                                "end": {
                                    "line": 1,
                                    "column": 44,
                                    "offset": 43
                                },
                                "indent": []
                            }
                        }
                    ],
                    "position": {
                        "start": {
                            "line": 1,
                            "column": 1,
                            "offset": 0
                        },
                        "end": {
                            "line": 1,
                            "column": 44,
                            "offset": 43
                        }
                    }
                },
                "type": {
                    "type": "NameExpression",
                    "name": "Map"
                }
            },
            {
                "title": "param",
                "name": "options",
                "lineNumber": 2,
                "type": {
                    "type": "OptionalType",
                    "expression": {
                        "type": "NameExpression",
                        "name": "Object"
                    }
                }
            },
            {
                "title": "param",
                "name": "options.bearingSnap",
                "lineNumber": 3,
                "description": {
                    "type": "root",
                    "children": [
                        {
                            "type": "paragraph",
                            "children": [
                                {
                                    "type": "text",
                                    "value": "该阈值决定地图对齐到正北方向时的方位角，以度计量。",
                                    "position": {
                                        "start": {
                                            "line": 1,
                                            "column": 1,
                                            "offset": 0
                                        },
                                        "end": {
                                            "line": 2,
                                            "column": 30,
                                            "offset": 96
                                        },
                                        "indent": [
                                            1
                                        ]
                                    }
                                }
                            ],
                            "position": {
                                "start": {
                                    "line": 1,
                                    "column": 1,
                                    "offset": 0
                                },
                                "end": {
                                    "line": 2,
                                    "column": 30,
                                    "offset": 96
                                },
                                "indent": [
                                    1
                                ]
                            }
                        }
                    ],
                    "position": {
                        "start": {
                            "line": 1,
                            "column": 1,
                            "offset": 0
                        },
                        "end": {
                            "line": 2,
                            "column": 30,
                            "offset": 96
                        }
                    }
                },
                "type": {
                    "type": "OptionalType",
                    "expression": {
                        "type": "NameExpression",
                        "name": "number"
                    }
                }
            },
            {
                "title": "param",
                "name": "options.pitchWithRotate",
                "lineNumber": 5,
                "description": {
                    "type": "root",
                    "children": [
                        {
                            "type": "paragraph",
                            "children": [
                                {
                                    "type": "text",
                                    "value": "控制除方位角之外地图的倾斜度。",
                                    "position": {
                                        "start": {
                                            "line": 1,
                                            "column": 1,
                                            "offset": 0
                                        },
                                        "end": {
                                            "line": 1,
                                            "column": 49,
                                            "offset": 48
                                        },
                                        "indent": []
                                    }
                                }
                            ],
                            "position": {
                                "start": {
                                    "line": 1,
                                    "column": 1,
                                    "offset": 0
                                },
                                "end": {
                                    "line": 1,
                                    "column": 49,
                                    "offset": 48
                                },
                                "indent": []
                            }
                        }
                    ],
                    "position": {
                        "start": {
                            "line": 1,
                            "column": 1,
                            "offset": 0
                        },
                        "end": {
                            "line": 1,
                            "column": 49,
                            "offset": 48
                        }
                    }
                },
                "type": {
                    "type": "NameExpression",
                    "name": "bool"
                },
                "default": "true"
            }
        ],
        "properties": [],
        "returns": [],
        "sees": [],
        "throws": [],
        "todos": [],
        "access": "private"
    },
    "name": "DragRotateHandler",
    "kind": "class",
    "path": [
        {
            "name": "DragRotateHandler",
            "kind": "class"
        }
    ],
    "members": {
        "global": [],
        "inner": [],
        "instance": [
            {
                "description": {
                    "type": "root",
                    "children": [
                        {
                            "type": "paragraph",
                            "children": [
                                {
                                    "type": "text",
                                    "value": "返回一个布尔值，该布尔值表示 \"拖拽选装\" 交互功能是否被开启。",
                                    "position": {
                                        "start": {
                                            "line": 1,
                                            "column": 1,
                                            "offset": 0
                                        },
                                        "end": {
                                            "line": 1,
                                            "column": 82,
                                            "offset": 81
                                        },
                                        "indent": []
                                    }
                                }
                            ],
                            "position": {
                                "start": {
                                    "line": 1,
                                    "column": 1,
                                    "offset": 0
                                },
                                "end": {
                                    "line": 1,
                                    "column": 82,
                                    "offset": 81
                                },
                                "indent": []
                            }
                        }
                    ],
                    "position": {
                        "start": {
                            "line": 1,
                            "column": 1,
                            "offset": 0
                        },
                        "end": {
                            "line": 1,
                            "column": 82,
                            "offset": 81
                        }
                    }
                },
                "tags": [
                    {
                        "title": "returns",
                        "description": " 如果 \"拖拽旋转\" 交互功能被开启，返回`true`。",
                        "lineNumber": 3,
                        "type": {
                            "type": "NameExpression",
                            "name": "boolean"
                        }
                    }
                ],
                "loc": {
                    "start": {
                        "line": 72,
                        "column": 4
                    },
                    "end": {
                        "line": 76,
                        "column": 7
                    }
                },
                "context": {
                    "loc": {
                        "start": {
                            "line": 77,
                            "column": 4
                        },
                        "end": {
                            "line": 79,
                            "column": 5
                        }
                    },
                    "file": "/Users/mapboxchina/projects/mapbox-gl-js/src/ui/handler/drag_rotate.js",
                    "github": {
                        "url": "https://git@github.com/:mapbox/mapbox-gl-js/blob/43037cd3064d8900cdbf34eaf225053e12da17c1/src/ui/handler/drag_rotate.js#L77-L79",
                        "path": "src/ui/handler/drag_rotate.js"
                    }
                },
                "augments": [],
                "examples": [],
                "params": [],
                "properties": [],
                "returns": [
                    {
                        "description": {
                            "type": "root",
                            "children": [
                                {
                                    "type": "paragraph",
                                    "children": [
                                        {
                                            "type": "inlineCode",
                                            "value": "true",
                                            "position": {
                                                "start": {
                                                    "line": 1,
                                                    "column": 1,
                                                    "offset": 0
                                                },
                                                "end": {
                                                    "line": 1,
                                                    "column": 7,
                                                    "offset": 6
                                                },
                                                "indent": []
                                            }
                                        },
                                        {
                                            "type": "text",
                                            "value": " 如果 \"拖拽旋转\" 交互功能被开启。",
                                            "position": {
                                                "start": {
                                                    "line": 1,
                                                    "column": 7,
                                                    "offset": 6
                                                },
                                                "end": {
                                                    "line": 1,
                                                    "column": 55,
                                                    "offset": 54
                                                },
                                                "indent": []
                                            }
                                        }
                                    ],
                                    "position": {
                                        "start": {
                                            "line": 1,
                                            "column": 1,
                                            "offset": 0
                                        },
                                        "end": {
                                            "line": 1,
                                            "column": 55,
                                            "offset": 54
                                        },
                                        "indent": []
                                    }
                                }
                            ],
                            "position": {
                                "start": {
                                    "line": 1,
                                    "column": 1,
                                    "offset": 0
                                },
                                "end": {
                                    "line": 1,
                                    "column": 55,
                                    "offset": 54
                                }
                            }
                        },
                        "title": "returns",
                        "type": {
                            "type": "NameExpression",
                            "name": "boolean"
                        }
                    }
                ],
                "sees": [],
                "throws": [],
                "todos": [],
                "name": "isEnabled",
                "kind": "function",
                "memberof": "DragRotateHandler",
                "scope": "instance",
                "members": {
                    "global": [],
                    "inner": [],
                    "instance": [],
                    "events": [],
                    "static": []
                },
                "path": [
                    {
                        "name": "DragRotateHandler",
                        "kind": "class"
                    },
                    {
                        "name": "isEnabled",
                        "kind": "function",
                        "scope": "instance"
                    }
                ],
                "namespace": "DragRotateHandler#isEnabled"
            },
            {
                "description": {
                    "type": "root",
                    "children": [
                        {
                            "type": "paragraph",
                            "children": [
                                {
                                    "type": "text",
                                    "value": "返回一个布尔值，该布尔值表示 \"拖拽旋转\" 交互功能是否为运行中（也就是说当前正在被使用）。",
                                    "position": {
                                        "start": {
                                            "line": 1,
                                            "column": 1,
                                            "offset": 0
                                        },
                                        "end": {
                                            "line": 1,
                                            "column": 108,
                                            "offset": 107
                                        },
                                        "indent": []
                                    }
                                }
                            ],
                            "position": {
                                "start": {
                                    "line": 1,
                                    "column": 1,
                                    "offset": 0
                                },
                                "end": {
                                    "line": 1,
                                    "column": 108,
                                    "offset": 107
                                },
                                "indent": []
                            }
                        }
                    ],
                    "position": {
                        "start": {
                            "line": 1,
                            "column": 1,
                            "offset": 0
                        },
                        "end": {
                            "line": 1,
                            "column": 108,
                            "offset": 107
                        }
                    }
                },
                "tags": [
                    {
                        "title": "returns",
                        "description": " 如果 \"拖拽旋转\" 交互正在运行中，返回`true`",
                        "lineNumber": 3,
                        "type": {
                            "type": "NameExpression",
                            "name": "boolean"
                        }
                    }
                ],
                "loc": {
                    "start": {
                        "line": 81,
                        "column": 4
                    },
                    "end": {
                        "line": 85,
                        "column": 7
                    }
                },
                "context": {
                    "loc": {
                        "start": {
                            "line": 86,
                            "column": 4
                        },
                        "end": {
                            "line": 88,
                            "column": 5
                        }
                    },
                    "file": "/Users/mapboxchina/projects/mapbox-gl-js/src/ui/handler/drag_rotate.js",
                    "github": {
                        "url": "https://git@github.com/:mapbox/mapbox-gl-js/blob/43037cd3064d8900cdbf34eaf225053e12da17c1/src/ui/handler/drag_rotate.js#L86-L88",
                        "path": "src/ui/handler/drag_rotate.js"
                    }
                },
                "augments": [],
                "examples": [],
                "params": [],
                "properties": [],
                "returns": [
                    {
                        "description": {
                            "type": "root",
                            "children": [
                                {
                                    "type": "paragraph",
                                    "children": [
                                        {
                                            "type": "inlineCode",
                                            "value": "true",
                                            "position": {
                                                "start": {
                                                    "line": 1,
                                                    "column": 1,
                                                    "offset": 0
                                                },
                                                "end": {
                                                    "line": 1,
                                                    "column": 7,
                                                    "offset": 6
                                                },
                                                "indent": []
                                            }
                                        },
                                        {
                                            "type": "text",
                                            "value": " 如果 \"拖拽旋转\" 交互正在运行中。",
                                            "position": {
                                                "start": {
                                                    "line": 1,
                                                    "column": 7,
                                                    "offset": 6
                                                },
                                                "end": {
                                                    "line": 1,
                                                    "column": 54,
                                                    "offset": 53
                                                },
                                                "indent": []
                                            }
                                        }
                                    ],
                                    "position": {
                                        "start": {
                                            "line": 1,
                                            "column": 1,
                                            "offset": 0
                                        },
                                        "end": {
                                            "line": 1,
                                            "column": 54,
                                            "offset": 53
                                        },
                                        "indent": []
                                    }
                                }
                            ],
                            "position": {
                                "start": {
                                    "line": 1,
                                    "column": 1,
                                    "offset": 0
                                },
                                "end": {
                                    "line": 1,
                                    "column": 54,
                                    "offset": 53
                                }
                            }
                        },
                        "title": "returns",
                        "type": {
                            "type": "NameExpression",
                            "name": "boolean"
                        }
                    }
                ],
                "sees": [],
                "throws": [],
                "todos": [],
                "name": "isActive",
                "kind": "function",
                "memberof": "DragRotateHandler",
                "scope": "instance",
                "members": {
                    "global": [],
                    "inner": [],
                    "instance": [],
                    "events": [],
                    "static": []
                },
                "path": [
                    {
                        "name": "DragRotateHandler",
                        "kind": "class"
                    },
                    {
                        "name": "isActive",
                        "kind": "function",
                        "scope": "instance"
                    }
                ],
                "namespace": "DragRotateHandler#isActive"
            },
            {
                "description": {
                    "type": "root",
                    "children": [
                        {
                            "type": "paragraph",
                            "children": [
                                {
                                    "type": "text",
                                    "value": "开启 \"拖拽旋转\" 交互功能。",
                                    "position": {
                                        "start": {
                                            "line": 1,
                                            "column": 1,
                                            "offset": 0
                                        },
                                        "end": {
                                            "line": 1,
                                            "column": 42,
                                            "offset": 41
                                        },
                                        "indent": []
                                    }
                                }
                            ],
                            "position": {
                                "start": {
                                    "line": 1,
                                    "column": 1,
                                    "offset": 0
                                },
                                "end": {
                                    "line": 1,
                                    "column": 42,
                                    "offset": 41
                                },
                                "indent": []
                            }
                        }
                    ],
                    "position": {
                        "start": {
                            "line": 1,
                            "column": 1,
                            "offset": 0
                        },
                        "end": {
                            "line": 1,
                            "column": 42,
                            "offset": 41
                        }
                    }
                },
                "tags": [
                    {
                        "title": "example",
                        "description": "map.dragRotate.enable();",
                        "lineNumber": 3
                    }
                ],
                "loc": {
                    "start": {
                        "line": 90,
                        "column": 4
                    },
                    "end": {
                        "line": 95,
                        "column": 7
                    }
                },
                "context": {
                    "loc": {
                        "start": {
                            "line": 96,
                            "column": 4
                        },
                        "end": {
                            "line": 99,
                            "column": 5
                        }
                    },
                    "file": "/Users/mapboxchina/projects/mapbox-gl-js/src/ui/handler/drag_rotate.js",
                    "github": {
                        "url": "https://git@github.com/:mapbox/mapbox-gl-js/blob/43037cd3064d8900cdbf34eaf225053e12da17c1/src/ui/handler/drag_rotate.js#L96-L99",
                        "path": "src/ui/handler/drag_rotate.js"
                    }
                },
                "augments": [],
                "examples": [
                    {
                        "description": "map.dragRotate.enable();"
                    }
                ],
                "params": [],
                "properties": [],
                "returns": [],
                "sees": [],
                "throws": [],
                "todos": [],
                "name": "enable",
                "kind": "function",
                "memberof": "DragRotateHandler",
                "scope": "instance",
                "members": {
                    "global": [],
                    "inner": [],
                    "instance": [],
                    "events": [],
                    "static": []
                },
                "path": [
                    {
                        "name": "DragRotateHandler",
                        "kind": "class"
                    },
                    {
                        "name": "enable",
                        "kind": "function",
                        "scope": "instance"
                    }
                ],
                "namespace": "DragRotateHandler#enable"
            },
            {
                "description": {
                    "type": "root",
                    "children": [
                        {
                            "type": "paragraph",
                            "children": [
                                {
                                    "type": "text",
                                    "value": "禁用 \"拖拽旋转\" 交互功能。",
                                    "position": {
                                        "start": {
                                            "line": 1,
                                            "column": 1,
                                            "offset": 0
                                        },
                                        "end": {
                                            "line": 1,
                                            "column": 43,
                                            "offset": 42
                                        },
                                        "indent": []
                                    }
                                }
                            ],
                            "position": {
                                "start": {
                                    "line": 1,
                                    "column": 1,
                                    "offset": 0
                                },
                                "end": {
                                    "line": 1,
                                    "column": 43,
                                    "offset": 42
                                },
                                "indent": []
                            }
                        }
                    ],
                    "position": {
                        "start": {
                            "line": 1,
                            "column": 1,
                            "offset": 0
                        },
                        "end": {
                            "line": 1,
                            "column": 43,
                            "offset": 42
                        }
                    }
                },
                "tags": [
                    {
                        "title": "example",
                        "description": "map.dragRotate.disable();",
                        "lineNumber": 3
                    }
                ],
                "loc": {
                    "start": {
                        "line": 101,
                        "column": 4
                    },
                    "end": {
                        "line": 106,
                        "column": 7
                    }
                },
                "context": {
                    "loc": {
                        "start": {
                            "line": 107,
                            "column": 4
                        },
                        "end": {
                            "line": 128,
                            "column": 5
                        }
                    },
                    "file": "/Users/mapboxchina/projects/mapbox-gl-js/src/ui/handler/drag_rotate.js",
                    "github": {
                        "url": "https://git@github.com/:mapbox/mapbox-gl-js/blob/43037cd3064d8900cdbf34eaf225053e12da17c1/src/ui/handler/drag_rotate.js#L107-L128",
                        "path": "src/ui/handler/drag_rotate.js"
                    }
                },
                "augments": [],
                "examples": [
                    {
                        "description": "map.dragRotate.disable();"
                    }
                ],
                "params": [],
                "properties": [],
                "returns": [],
                "sees": [],
                "throws": [],
                "todos": [],
                "name": "disable",
                "kind": "function",
                "memberof": "DragRotateHandler",
                "scope": "instance",
                "members": {
                    "global": [],
                    "inner": [],
                    "instance": [],
                    "events": [],
                    "static": []
                },
                "path": [
                    {
                        "name": "DragRotateHandler",
                        "kind": "class"
                    },
                    {
                        "name": "disable",
                        "kind": "function",
                        "scope": "instance"
                    }
                ],
                "namespace": "DragRotateHandler#disable"
            }
        ],
        "events": [],
        "static": []
    },
    "namespace": "DragRotateHandler"
}