{
    "name": "Events",
    "description": {
        "type": "root",
        "children": [
            {
                "type": "paragraph",
                "children": [
                    {
                        "type": "inlineCode",
                        "value": "Map类",
                        "position": {
                            "start": {
                                "line": 1,
                                "column": 1,
                                "offset": 0
                            },
                            "end": {
                                "line": 1,
                                "column": 6,
                                "offset": 5
                            },
                            "indent": []
                        }
                    },
                    {
                        "type": "text",
                        "value": " (和其他类) 状态改变或地图交互中会派发各类事件.诸如地图/图层点击事件，地图渲染事件等 ",
                        "position": {
                            "start": {
                                "line": 1,
                                "column": 6,
                                "offset": 5
                            },
                            "end": {
                                "line": 1,
                                "column": 98,
                                "offset": 97
                            },
                            "indent": []
                        }
                    },
                    {
                        "type": "inlineCode",
                        "value": "Evented",
                        "position": {
                            "start": {
                                "line": 1,
                                "column": 98,
                                "offset": 97
                            },
                            "end": {
                                "line": 1,
                                "column": 107,
                                "offset": 106
                            },
                            "indent": []
                        }
                    },
                    {
                        "type": "text",
                        "value": "\n 是用来绑定或者解绑这些事件的接口.",
                        "position": {
                            "start": {
                                "line": 1,
                                "column": 107,
                                "offset": 106
                            },
                            "end": {
                                "line": 2,
                                "column": 69,
                                "offset": 175
                            },
                            "indent": [
                                1
                            ]
                        }
                    }
                ],
                "position": {
                    "start": {
                        "line": 1,
                        "column": 1,
                        "offset": 0
                    },
                    "end": {
                        "line": 2,
                        "column": 69,
                        "offset": 175
                    },
                    "indent": [
                        1
                    ]
                }
            }
        ],
        "position": {
            "start": {
                "line": 1,
                "column": 1,
                "offset": 0
            },
            "end": {
                "line": 3,
                "column": 1,
                "offset": 176
            }
        }
    },
    "kind": "note",
    "path": [
        {
            "name": "Events",
            "kind": "note"
        }
    ],
    "members": {
        "global": [],
        "inner": [],
        "instance": [],
        "events": [],
        "static": []
    },
    "namespace": "Events"
}