{
    "description": {
        "type": "root",
        "children": [
            {
                "type": "paragraph",
                "children": [
                    {
                        "type": "text",
                        "value": "A ",
                        "position": {
                            "start": {
                                "line": 1,
                                "column": 1,
                                "offset": 0
                            },
                            "end": {
                                "line": 1,
                                "column": 3,
                                "offset": 2
                            },
                            "indent": []
                        }
                    },
                    {
                        "type": "inlineCode",
                        "value": "FullscreenControl",
                        "position": {
                            "start": {
                                "line": 1,
                                "column": 3,
                                "offset": 2
                            },
                            "end": {
                                "line": 1,
                                "column": 22,
                                "offset": 21
                            },
                            "indent": []
                        }
                    },
                    {
                        "type": "text",
                        "value": " 全屏控件，包含一个控制地图进入和退出全屏模式的按钮.",
                        "position": {
                            "start": {
                                "line": 1,
                                "column": 22,
                                "offset": 21
                            },
                            "end": {
                                "line": 1,
                                "column": 100,
                                "offset": 99
                            },
                            "indent": []
                        }
                    }
                ],
                "position": {
                    "start": {
                        "line": 1,
                        "column": 1,
                        "offset": 0
                    },
                    "end": {
                        "line": 1,
                        "column": 100,
                        "offset": 99
                    },
                    "indent": []
                }
            }
        ],
        "position": {
            "start": {
                "line": 1,
                "column": 1,
                "offset": 0
            },
            "end": {
                "line": 1,
                "column": 100,
                "offset": 99
            }
        }
    },
    "tags": [
        {
            "title": "implements",
            "description": null,
            "lineNumber": 3,
            "type": {
                "type": "NameExpression",
                "name": "IControl"
            }
        },
        {
            "title": "param",
            "description": null,
            "lineNumber": 4,
            "type": {
                "type": "OptionalType",
                "expression": {
                    "type": "NameExpression",
                    "name": "Object"
                }
            },
            "name": "options"
        },
        {
            "title": "param",
            "description": "`container` is the [compatible DOM element](https://developer.mozilla.org/en-US/docs/Web/API/Element/requestFullScreen#Compatible_elements) which should be made full screen. By default, the map container element will be made full screen.",
            "lineNumber": 5,
            "type": {
                "type": "OptionalType",
                "expression": {
                    "type": "NameExpression",
                    "name": "HTMLElement"
                }
            },
            "name": "options.container"
        },
        {
            "title": "example",
            "description": "map.addControl(new mapboxgl.FullscreenControl({container: document.querySelector('body')}));",
            "lineNumber": 7
        },
        {
            "title": "see",
            "description": "[View a fullscreen map](https://www.mapbox.com/mapbox-gl-js/example/fullscreen/)",
            "lineNumber": 9
        }
    ],
    "loc": {
        "start": {
            "line": 14,
            "column": 0
        },
        "end": {
            "line": 24,
            "column": 3
        }
    },
    "context": {
        "loc": {
            "start": {
                "line": 26,
                "column": 0
            },
            "end": {
                "line": 142,
                "column": 1
            }
        },
        "file": "/Users/mapboxchina/projects/mapbox-gl-js/src/ui/control/fullscreen_control.js",
        "github": {
            "url": "https://git@github.com/:mapbox/mapbox-gl-js/blob/43037cd3064d8900cdbf34eaf225053e12da17c1/src/ui/control/fullscreen_control.js#L26-L142",
            "path": "src/ui/control/fullscreen_control.js"
        }
    },
    "augments": [],
    "examples": [
        {
            "description": "map.addControl(new mapboxgl.FullscreenControl({container: document.querySelector('body')}));"
        }
    ],
    "params": [
        {
            "title": "param",
            "name": "options",
            "lineNumber": 4,
            "type": {
                "type": "OptionalType",
                "expression": {
                    "type": "NameExpression",
                    "name": "Object"
                }
            },
            "properties": [
                {
                    "title": "param",
                    "name": "options.container",
                    "lineNumber": 5,
                    "description": {
                        "type": "root",
                        "children": [
                            {
                                "type": "paragraph",
                                "children": [
                                    {
                                        "type": "inlineCode",
                                        "value": "container",
                                        "position": {
                                            "start": {
                                                "line": 1,
                                                "column": 1,
                                                "offset": 0
                                            },
                                            "end": {
                                                "line": 1,
                                                "column": 12,
                                                "offset": 11
                                            },
                                            "indent": []
                                        }
                                    },
                                    {
                                        "type": "text",
                                        "value": " is the ",
                                        "position": {
                                            "start": {
                                                "line": 1,
                                                "column": 12,
                                                "offset": 11
                                            },
                                            "end": {
                                                "line": 1,
                                                "column": 20,
                                                "offset": 19
                                            },
                                            "indent": []
                                        }
                                    },
                                    {
                                        "type": "link",
                                        "title": null,
                                        "url": "https://developer.mozilla.org/en-US/docs/Web/API/Element/requestFullScreen#Compatible_elements",
                                        "children": [
                                            {
                                                "type": "text",
                                                "value": "是一个兼容的，可以全屏显示DOM元素，",
                                                "position": {
                                                    "start": {
                                                        "line": 1,
                                                        "column": 21,
                                                        "offset": 20
                                                    },
                                                    "end": {
                                                        "line": 1,
                                                        "column": 43,
                                                        "offset": 42
                                                    },
                                                    "indent": []
                                                }
                                            }
                                        ],
                                        "position": {
                                            "start": {
                                                "line": 1,
                                                "column": 20,
                                                "offset": 19
                                            },
                                            "end": {
                                                "line": 1,
                                                "column": 140,
                                                "offset": 139
                                            },
                                            "indent": []
                                        }
                                    },
                                    {
                                        "type": "text",
                                        "value": " . 默认情况下，地图容器元素会被全屏显示.",
                                        "position": {
                                            "start": {
                                                "line": 1,
                                                "column": 140,
                                                "offset": 139
                                            },
                                            "end": {
                                                "line": 1,
                                                "column": 238,
                                                "offset": 237
                                            },
                                            "indent": []
                                        }
                                    }
                                ],
                                "position": {
                                    "start": {
                                        "line": 1,
                                        "column": 1,
                                        "offset": 0
                                    },
                                    "end": {
                                        "line": 1,
                                        "column": 238,
                                        "offset": 237
                                    },
                                    "indent": []
                                }
                            }
                        ],
                        "position": {
                            "start": {
                                "line": 1,
                                "column": 1,
                                "offset": 0
                            },
                            "end": {
                                "line": 1,
                                "column": 238,
                                "offset": 237
                            }
                        }
                    },
                    "type": {
                        "type": "OptionalType",
                        "expression": {
                            "type": "NameExpression",
                            "name": "HTMLElement"
                        }
                    }
                }
            ]
        }
    ],
    "properties": [],
    "returns": [],
    "sees": [
        {
            "type": "root",
            "children": [
                {
                    "type": "paragraph",
                    "children": [
                        {
                            "type": "link",
                            "title": null,
                            "url": "https://www.mapbox.com/mapbox-gl-js/example/fullscreen/",
                            "children": [
                                {
                                    "type": "text",
                                    "value": "全屏查看地图",
                                    "position": {
                                        "start": {
                                            "line": 1,
                                            "column": 2,
                                            "offset": 1
                                        },
                                        "end": {
                                            "line": 1,
                                            "column": 23,
                                            "offset": 22
                                        },
                                        "indent": []
                                    }
                                }
                            ],
                            "position": {
                                "start": {
                                    "line": 1,
                                    "column": 1,
                                    "offset": 0
                                },
                                "end": {
                                    "line": 1,
                                    "column": 81,
                                    "offset": 80
                                },
                                "indent": []
                            }
                        }
                    ],
                    "position": {
                        "start": {
                            "line": 1,
                            "column": 1,
                            "offset": 0
                        },
                        "end": {
                            "line": 1,
                            "column": 81,
                            "offset": 80
                        },
                        "indent": []
                    }
                }
            ],
            "position": {
                "start": {
                    "line": 1,
                    "column": 1,
                    "offset": 0
                },
                "end": {
                    "line": 1,
                    "column": 81,
                    "offset": 80
                }
            }
        }
    ],
    "throws": [],
    "todos": [],
    "name": "FullscreenControl",
    "kind": "class",
    "path": [
        {
            "name": "FullscreenControl",
            "kind": "class"
        }
    ],
    "members": {
        "global": [],
        "inner": [],
        "instance": [],
        "events": [],
        "static": []
    },
    "namespace": "FullscreenControl"
}