{
    "description": {
        "type": "root",
        "children": [
            {
                "type": "paragraph",
                "children": [
                    {
                        "type": "text",
                        "value": "共有选项 ",
                        "position": {
                            "start": {
                                "line": 1,
                                "column": 1,
                                "offset": 0
                            },
                            "end": {
                                "line": 1,
                                "column": 19,
                                "offset": 18
                            },
                            "indent": []
                        }
                    },
                    {
                        "type": "link",
                        "url": "Map#jumpTo",
                        "title": null,
                        "jsdoc": true,
                        "children": [
                            {
                                "type": "text",
                                "value": "Map#jumpTo"
                            }
                        ],
                        "position": {
                            "start": {
                                "line": 1,
                                "column": 19,
                                "offset": 18
                            },
                            "end": {
                                "line": 1,
                                "column": 37,
                                "offset": 36
                            },
                            "indent": []
                        }
                    },
                    {
                        "type": "text",
                        "value": "，",
                        "position": {
                            "start": {
                                "line": 1,
                                "column": 37,
                                "offset": 36
                            },
                            "end": {
                                "line": 1,
                                "column": 39,
                                "offset": 38
                            },
                            "indent": []
                        }
                    },
                    {
                        "type": "link",
                        "url": "Map#easeTo",
                        "title": null,
                        "jsdoc": true,
                        "children": [
                            {
                                "type": "text",
                                "value": "Map#easeTo"
                            }
                        ],
                        "position": {
                            "start": {
                                "line": 1,
                                "column": 39,
                                "offset": 38
                            },
                            "end": {
                                "line": 1,
                                "column": 57,
                                "offset": 56
                            },
                            "indent": []
                        }
                    },
                    {
                        "type": "text",
                        "value": "，和",
                        "position": {
                            "start": {
                                "line": 1,
                                "column": 57,
                                "offset": 56
                            },
                            "end": {
                                "line": 1,
                                "column": 63,
                                "offset": 62
                            },
                            "indent": []
                        }
                    },
                    {
                        "type": "link",
                        "url": "Map#flyTo",
                        "title": null,
                        "jsdoc": true,
                        "children": [
                            {
                                "type": "text",
                                "value": "Map#flyTo"
                            }
                        ],
                        "position": {
                            "start": {
                                "line": 1,
                                "column": 63,
                                "offset": 62
                            },
                            "end": {
                                "line": 1,
                                "column": 80,
                                "offset": 79
                            },
                            "indent": []
                        }
                    },
                    {
                        "type": "text",
                        "value": "， 控制默认位置、缩放级别、方位角和倾斜度。 所有属性均可选。 未指定的选项将默认设为当前地图该属性的值。",
                        "position": {
                            "start": {
                                "line": 1,
                                "column": 80,
                                "offset": 79
                            },
                            "end": {
                                "line": 3,
                                "column": 54,
                                "offset": 281
                            },
                            "indent": [
                                1,
                                1
                            ]
                        }
                    }
                ],
                "position": {
                    "start": {
                        "line": 1,
                        "column": 1,
                        "offset": 0
                    },
                    "end": {
                        "line": 3,
                        "column": 54,
                        "offset": 281
                    },
                    "indent": [
                        1,
                        1
                    ]
                }
            }
        ],
        "position": {
            "start": {
                "line": 1,
                "column": 1,
                "offset": 0
            },
            "end": {
                "line": 3,
                "column": 54,
                "offset": 281
            }
        }
    },
    "tags": [
        {
            "title": "typedef",
            "description": null,
            "lineNumber": 5,
            "type": {
                "type": "NameExpression",
                "name": "Object"
            },
            "name": "CameraOptions"
        },
        {
            "title": "property",
            "description": "预设的中心点",
            "lineNumber": 6,
            "type": {
                "type": "NameExpression",
                "name": "LngLatLike"
            },
            "name": "center"
        },
        {
            "title": "property",
            "description": "预设的缩放级别。",
            "lineNumber": 7,
            "type": {
                "type": "NameExpression",
                "name": "number"
            },
            "name": "zoom"
        },
        {
            "title": "property",
            "description": "预设的方位角（bearing，rotation），按照逆时针偏离正北方的度数计算",
            "lineNumber": 8,
            "type": {
                "type": "NameExpression",
                "name": "number"
            },
            "name": "bearing"
        },
        {
            "title": "property",
            "description": "预设的倾斜度（pitch，tilt），单位为度。",
            "lineNumber": 10,
            "type": {
                "type": "NameExpression",
                "name": "number"
            },
            "name": "pitch"
        },
        {
            "title": "property",
            "description": "zoom 指定之后，around 将决定缩放中心（默认为地图中心）。",
            "lineNumber": 11,
            "type": {
                "type": "NameExpression",
                "name": "LngLatLike"
            },
            "name": "around"
        }
    ],
    "loc": {
        "start": {
            "line": 26,
            "column": 0
        },
        "end": {
            "line": 38,
            "column": 3
        }
    },
    "context": {
        "loc": {
            "start": {
                "line": 39,
                "column": 0
            },
            "end": {
                "line": 45,
                "column": 2
            }
        },
        "file": "/Users/mapboxchina/projects/mapbox-gl-js/src/ui/camera.js",
        "github": {
            "url": "https://git@github.com/:mapbox/mapbox-gl-js/blob/43037cd3064d8900cdbf34eaf225053e12da17c1/src/ui/camera.js#L26-L38",
            "path": "src/ui/camera.js"
        }
    },
    "augments": [],
    "examples": [],
    "params": [],
    "properties": [
        {
            "title": "property",
            "name": "center",
            "lineNumber": 6,
            "description": {
                "type": "root",
                "children": [
                    {
                        "type": "paragraph",
                        "children": [
                            {
                                "type": "text",
                                "value": "预设的中心。",
                                "position": {
                                    "start": {
                                        "line": 1,
                                        "column": 1,
                                        "offset": 0
                                    },
                                    "end": {
                                        "line": 1,
                                        "column": 20,
                                        "offset": 19
                                    },
                                    "indent": []
                                }
                            }
                        ],
                        "position": {
                            "start": {
                                "line": 1,
                                "column": 1,
                                "offset": 0
                            },
                            "end": {
                                "line": 1,
                                "column": 20,
                                "offset": 19
                            },
                            "indent": []
                        }
                    }
                ],
                "position": {
                    "start": {
                        "line": 1,
                        "column": 1,
                        "offset": 0
                    },
                    "end": {
                        "line": 1,
                        "column": 20,
                        "offset": 19
                    }
                }
            },
            "type": {
                "type": "NameExpression",
                "name": "LngLatLike"
            }
        },
        {
            "title": "property",
            "name": "zoom",
            "lineNumber": 7,
            "description": {
                "type": "root",
                "children": [
                    {
                        "type": "paragraph",
                        "children": [
                            {
                                "type": "text",
                                "value": "预设的缩放级别。",
                                "position": {
                                    "start": {
                                        "line": 1,
                                        "column": 1,
                                        "offset": 0
                                    },
                                    "end": {
                                        "line": 1,
                                        "column": 24,
                                        "offset": 23
                                    },
                                    "indent": []
                                }
                            }
                        ],
                        "position": {
                            "start": {
                                "line": 1,
                                "column": 1,
                                "offset": 0
                            },
                            "end": {
                                "line": 1,
                                "column": 24,
                                "offset": 23
                            },
                            "indent": []
                        }
                    }
                ],
                "position": {
                    "start": {
                        "line": 1,
                        "column": 1,
                        "offset": 0
                    },
                    "end": {
                        "line": 1,
                        "column": 24,
                        "offset": 23
                    }
                }
            },
            "type": {
                "type": "NameExpression",
                "name": "number"
            }
        },
        {
            "title": "property",
            "name": "bearing",
            "lineNumber": 8,
            "description": {
                "type": "root",
                "children": [
                    {
                        "type": "paragraph",
                        "children": [
                            {
                                "type": "text",
                                "value": "预设的方位角（bearing，rotation），按照逆时针偏离正北方的度数计算。",
                                "position": {
                                    "start": {
                                        "line": 1,
                                        "column": 1,
                                        "offset": 0
                                    },
                                    "end": {
                                        "line": 2,
                                        "column": 75,
                                        "offset": 149
                                    },
                                    "indent": [
                                        1
                                    ]
                                }
                            }
                        ],
                        "position": {
                            "start": {
                                "line": 1,
                                "column": 1,
                                "offset": 0
                            },
                            "end": {
                                "line": 2,
                                "column": 75,
                                "offset": 149
                            },
                            "indent": [
                                1
                            ]
                        }
                    }
                ],
                "position": {
                    "start": {
                        "line": 1,
                        "column": 1,
                        "offset": 0
                    },
                    "end": {
                        "line": 2,
                        "column": 75,
                        "offset": 149
                    }
                }
            },
            "type": {
                "type": "NameExpression",
                "name": "number"
            }
        },
        {
            "title": "property",
            "name": "pitch",
            "lineNumber": 10,
            "description": {
                "type": "root",
                "children": [
                    {
                        "type": "paragraph",
                        "children": [
                            {
                                "type": "text",
                                "value": "预设的倾斜度（pitch，tilt），单位为度。",
                                "position": {
                                    "start": {
                                        "line": 1,
                                        "column": 1,
                                        "offset": 0
                                    },
                                    "end": {
                                        "line": 1,
                                        "column": 31,
                                        "offset": 30
                                    },
                                    "indent": []
                                }
                            }
                        ],
                        "position": {
                            "start": {
                                "line": 1,
                                "column": 1,
                                "offset": 0
                            },
                            "end": {
                                "line": 1,
                                "column": 31,
                                "offset": 30
                            },
                            "indent": []
                        }
                    }
                ],
                "position": {
                    "start": {
                        "line": 1,
                        "column": 1,
                        "offset": 0
                    },
                    "end": {
                        "line": 1,
                        "column": 31,
                        "offset": 30
                    }
                }
            },
            "type": {
                "type": "NameExpression",
                "name": "number"
            }
        },
        {
            "title": "property",
            "name": "around",
            "lineNumber": 11,
            "description": {
                "type": "root",
                "children": [
                    {
                        "type": "paragraph",
                        "children": [
                            {
                                "type": "text",
                                "value": "如果 ",
                                "position": {
                                    "start": {
                                        "line": 1,
                                        "column": 1,
                                        "offset": 0
                                    },
                                    "end": {
                                        "line": 1,
                                        "column": 4,
                                        "offset": 3
                                    },
                                    "indent": []
                                }
                            },
                            {
                                "type": "inlineCode",
                                "value": "zoom",
                                "position": {
                                    "start": {
                                        "line": 1,
                                        "column": 4,
                                        "offset": 3
                                    },
                                    "end": {
                                        "line": 1,
                                        "column": 10,
                                        "offset": 9
                                    },
                                    "indent": []
                                }
                            },
                            {
                                "type": "text",
                                "value": "是确定的",
                                "position": {
                                    "start": {
                                        "line": 1,
                                        "column": 10,
                                        "offset": 9
                                    },
                                    "end": {
                                        "line": 1,
                                        "column": 25,
                                        "offset": 24
                                    },
                                    "indent": []
                                }
                            },
                            {
                                "type": "inlineCode",
                                "value": "around",
                                "position": {
                                    "start": {
                                        "line": 1,
                                        "column": 25,
                                        "offset": 24
                                    },
                                    "end": {
                                        "line": 1,
                                        "column": 33,
                                        "offset": 32
                                    },
                                    "indent": []
                                }
                            },
                            {
                                "type": "text",
                                "value": "将决定缩放中心（默认为地图中心）。",
                                "position": {
                                    "start": {
                                        "line": 1,
                                        "column": 33,
                                        "offset": 32
                                    },
                                    "end": {
                                        "line": 1,
                                        "column": 89,
                                        "offset": 88
                                    },
                                    "indent": []
                                }
                            }
                        ],
                        "position": {
                            "start": {
                                "line": 1,
                                "column": 1,
                                "offset": 0
                            },
                            "end": {
                                "line": 1,
                                "column": 89,
                                "offset": 88
                            },
                            "indent": []
                        }
                    }
                ],
                "position": {
                    "start": {
                        "line": 1,
                        "column": 1,
                        "offset": 0
                    },
                    "end": {
                        "line": 1,
                        "column": 89,
                        "offset": 88
                    }
                }
            },
            "type": {
                "type": "NameExpression",
                "name": "LngLatLike"
            }
        }
    ],
    "returns": [],
    "sees": [],
    "throws": [],
    "todos": [],
    "kind": "typedef",
    "name": "CameraOptions",
    "type": {
        "type": "NameExpression",
        "name": "Object"
    },
    "path": [
        {
            "name": "CameraOptions",
            "kind": "typedef"
        }
    ],
    "members": {
        "global": [],
        "inner": [],
        "instance": [],
        "events": [],
        "static": []
    },
    "namespace": "CameraOptions"
}